location_id,locode,location_name,kind,latitude,longitude
2327903,NOBJX,Bjørkås,harbour,59.7922,10.50155
2327904,NODRM,Drammen,harbour,59.73952,10.23673
2327905,NODRK,Drøbak,harbour,59.661,10.627695
2327906,NOENG,Engene,harbour,59.68381,10.54178
2327907,NOFAX,Fagerstrand,harbour,59.73549,10.58544
2327908,NOFRK,Fredrikstad,harbour,59.21139,10.91715
2327909,NOZFA,Færder Losbordingspunkt,pilot_boarding,59.075,10.573333
2327910,NOGRI,Granerudstøa,harbour,59.77857,10.5936
2327911,NOHAL,Halden,harbour,59.11657,11.37625
2327912,NOHAN,Halvorshavn,harbour,59.58369,10.61802
2327913,NOHOL,Holmestrand,harbour,59.49083,10.31647
2327914,NOHOR,Horten,harbour,59.41385,10.49269
2327916,NOJOY,Jarlsøy,harbour,59.24714,10.47457
2327917,NOKMO,Kambo,harbour,59.48061,10.68626
2327918,NOKMS,Kjøpmannskjær,harbour,59.17154,10.38521
2327919,NOLRK,Larkollen,harbour,59.33708,10.6581
2327920,NOLYS,Lysaker,harbour,59.91083,10.64161
2327921,NOMEV,Melsomvik,harbour,59.21787,10.3394
2327922,NOMSS,Moss,harbour,59.4288,10.65525
2327923,NOOSL,Oslo,harbour,59.90307,10.74371
2327925,NOSDI,Sandvika,harbour,59.88948,10.52958
2327926,NOSPG,Sarpsborg,harbour,59.2699,11.10058
2327927,NOSLG,Slagentangen,harbour,59.32696,10.51459
2327928,NOSLM,Slemmestad,harbour,59.782932,10.498832
2327930,NOSVV,Svelvik,harbour,59.61025,10.432067
2327932,NOTOF,Tofte - Hurum,harbour,59.54512,10.56823
2327934,NOTON,Tønsberg,harbour,59.26028,10.41911
2327935,NOVAL,Valløy,harbour,59.25869,10.49201
2327936,NOZVI,Vidgrunnen Losbordingspunkt,pilot_boarding,59.016666,10.931667
2327938,NOHOR,Horten Indre Havn,harbour,59.42722,10.48109
2327939,NOMSS,Moss Nord,harbour,59.43825,10.663233
2327940,NOLAO,Langøya,harbour,59.493332,10.378332
2327943,NOBVK,Brevik,harbour,59.05397,9.70261
2327944,NOFOI,Fossing,harbour,58.93822,9.46354
2327945,NOKRA,Kragerø,harbour,58.86922,9.41602
2327946,NOLAD,Langesund,harbour,59.0064,9.74763
2327947,NOZLN,Langøytangen Losbordingspunkt,pilot_boarding,58.941727,9.793367
2327948,NOLAR,Larvik,harbour,59.036568,10.037578
2327949,NOPOR,Porsgrunn,harbour,59.13802,9.640002
2327950,NOTRF,Sandefjord,harbour,59.12633,10.22853
2327951,NOSKE,Skien,harbour,59.20128,9.61108
2327955,NOHRY,Herøya,harbour,59.11678,9.62343
2327956,NOSKI,Skjerkøya,harbour,59.06116,9.63841
2327957,NORON,Rønningen,harbour,59.07998,9.62729
2327958,NORAF,Rafnes,harbour,59.10497,9.58221
2327960,NOSAI,Sandviksberget,harbour,64.32001,10.45235
2327961,NOEIK,Eikefjord,harbour,61.59063,5.45384
2327963,NOKJB,Kjørebonn,harbour,58.90261,9.48968
2327964,NOLIT,Litangen - Kragerø,harbour,58.8467,9.298385
2327966,NOSNV,Snekkevik - Kragerø,harbour,58.86133,9.30184
2327969,NOVBE,Valberg - Kragerø,harbour,58.88059,9.4223
2327974,NOZFR,Frierfjorden ankring,anchorage,59.106544,9.626255
2327976,NOMEN,Menstad - Skien,harbour,59.17093,9.64083
2327982,NOZHB,Helgerobukta,location_at_sea,58.99495,9.8483
2327986,NOARE,Arendal,harbour,58.46008,8.77367
2327988,NOEGE,Egersund,harbour,58.440853,5.983515
2327989,NOEYD,Eydehavn - Arendal,harbour,58.49667,8.87286
2327990,NOFAN,Farsund,harbour,58.09479,6.80525
2327991,NOFFD,Flekkefjord,harbour,58.29416,6.66098
2327993,NOGTD,Grimstad,harbour,58.33968,8.59619
2327994,NOHLL,Høllen,harbour,58.0737,7.79705
2327995,NOKRS,Kristiansand,harbour,58.14441,7.98854
2327996,NOKVD,Kvinesdal,harbour,58.27517,6.88658
2327997,NOLIL,Lillesand,harbour,58.24806,8.38163
2327998,NOMAN,Mandal,harbour,58.017406,7.482247
2327999,NOZOK,Oksøy Losbordingspunkt,pilot_boarding,58.055,8.093333
2328000,NORIS,Risør,harbour,58.71807,9.24051
2328002,NOZTO,Torungen Losbordingspunkt,pilot_boarding,58.391666,8.81
2328003,NOTVE,Tvedestrand,harbour,58.62093,8.93258
2328004,NOABE,Abelnes,harbour,58.23904,6.65708
2328005,NOZSO,Sokndal Losbordingspunkt,pilot_boarding,58.298332,6.231667
2328006,NOBAL,Båly,harbour,58.03981,7.151943
2328007,NOHEL,Hellvik,harbour,58.47717,5.87672
2328009,NOZKA,Farsund Losbordingspunkt,pilot_boarding,58.025,6.833333
2328010,NOMAH,Maurholen,harbour,58.46724,5.92137
2328011,NOZEN,Egersund Nord Losbordingspunkt,pilot_boarding,58.448334,5.848333
2328012,NOREK,Rekefjord,harbour,58.33772,6.25824
2328013,NOSRV,Sirevåg,harbour,58.50462,5.79482
2328014,NOZES,Egersund Sør Losbordingspunkt,pilot_boarding,58.381668,5.998333
2328015,NOZLI,Listafjorden Losbordingspunkt,pilot_boarding,58.181667,6.548333
2328016,NOVKK,Vikkilen,harbour,58.36055,8.61212
2328017,NOALE,Ålefjær,harbour,58.23209,8.02457
2328018,NOHSV,Hausvikstrand,harbour,58.050632,6.986333
2328022,NODIR,Dirdal,harbour,58.83848,6.16885
2328023,NODUS,Dusavik,harbour,58.99917,5.66341
2328024,NOZFS,Feistein Losbordingspunkt,pilot_boarding,58.85,5.5
2328025,NOFRS,Forus,harbour,58.89815,5.75108
2328026,NOOLT,Frafjord,harbour,58.84074,6.28097
2328028,NOHAU,Haugesund,harbour,59.41094,5.25768
2328029,NOZHF,Hervikfjorden ankring,anchorage,59.29201,5.603713
2328030,NOHJL,Hjelmeland,harbour,59.23739,6.17889
2328032,NOJLD,Jørpeland,harbour,59.017036,6.040978
2328033,NOKOP,Kopervik,harbour,59.28455,5.31264
2328034,NOKAR,Kårstø,harbour,59.270416,5.489388
2328035,NOZLY,Lysefjorden,location_at_sea,58.98002,6.19709
2328038,NORDB,Randaberg,harbour,59.01531,5.636973
2328039,NOREN,Rennesøy,harbour,59.096878,5.69905
2328040,NOZRO,Røværsfjorden,location_at_sea,59.43911,5.1493
2328041,NOSAX,Sand,harbour,59.48407,6.24992
2328042,NOSAS,Sandnes,harbour,58.85526,5.74383
2328043,NOSAU,Sauda,harbour,59.64589,6.35602
2328044,NOZSV,Skudefjorden 1 H Losbordingspunkt,pilot_boarding,59.033333,5.166667
2328045,NOSKU,Skudeneshavn,harbour,59.14667,5.26796
2328046,NOZSM,Skudefjorden 3 Losbordingspunkt,pilot_boarding,59.218334,5.35
2328048,NOSVG,Stavanger,harbour,58.97229,5.74017
2328049,NOTAE,Tananger,harbour,58.928333,5.588693
2328050,NOTAU,Tau,harbour,59.06506,5.91077
2328051,NOZAF,Åmøyfjorden ankring,anchorage,59.02038,5.69308
2328053,NOZFF,Falkeidflæet ankring,anchorage,59.23542,5.52134
2328054,NOHLE,Helle - Forsand,harbour,58.86166,6.14721
2328055,NOHVI,Håvik,harbour,59.315125,5.32219
2328056,NOJEL,Jelsa,harbour,59.37353,6.04409
2328060,NOTSD,Torvastad,harbour,59.37764,5.2226
2328061,NOMEK,Mekjarvik,harbour,59.022743,5.619635
2328062,NOESP,Espevik,harbour,59.340622,5.661907
2328063,NOHSO,Husøy - Karmøy,harbour,59.33804,5.29951
2328064,NOOLN,Ølen,harbour,59.60607,5.80553
2328065,NOETN,Etne,harbour,59.6653,5.93239
2328067,NOSOY,Storøya Øst,harbour,59.41171,5.234642
2328069,NOBVR,Breiviga,harbour,59.08831,5.9054
2328070,NOFIS,Fiskå - Strand,harbour,59.11646,6.00108
2328071,NOAKM,Åkrehamn,harbour,59.25997,5.18136
2328072,NOBOV,Bøvågen - Radøy,harbour,60.69975,4.92234
2328075,NOARF,Arnafjord,harbour,61.02315,6.38705
2328076,NOSTB,Storebø,harbour,60.09252,5.22282
2328077,NOBLS,Balestrand,harbour,61.20983,6.53838
2328078,NOBGO,Bergen,harbour,60.39465,5.32484
2328079,NOMOS,Mosterhamn,harbour,59.70066,5.38964
2328080,NODSF,Dale,harbour,61.364937,5.39823
2328081,NOEDF,Eidfjord,harbour,60.46817,7.06738
2328082,NOEKF,Eikefet,harbour,60.7011,5.55071
2328083,NOZFD,Fedje Losbording,pilot_boarding,60.761665,4.768333
2328084,NOFRO,Florø,harbour,61.60152,5.02494
2328085,NOFLA,Flåm,harbour,60.86388,7.11896
2328086,NOFUS,Fusa,harbour,60.20456,5.62367
2328087,NOFDE,Førde,harbour,61.46044,5.83491
2328088,NOGRV,Granvin,harbour,60.52099,6.71623
2328089,NOGUD,Gudvangen,harbour,60.88234,6.84103
2328090,NOHUS,Husnes,harbour,59.87723,5.77101
2328091,NOHYR,Høyanger,harbour,61.21787,6.06662
2328092,NOHVN,Haakonsvern,harbour,60.33751,5.23567
2328094,NOKPG,Kaupanger,harbour,61.17982,7.24034
2328095,NOZKO,Korsfjorden Losbordingspunkt,pilot_boarding,60.143333,5.015
2328096,NOLRD,Lærdal,harbour,61.10108,7.46185
2328097,NOMAT,Matre - Masfjorden,harbour,60.874924,5.57767
2328099,NOMON,Mongstad,harbour,60.81851,5.03126
2328100,NOMAY,Måløy,harbour,61.93009,5.11824
2328101,NONFD,Nordfjordeid,harbour,61.90473,5.98676
2328102,NONHS,Norheimsund,harbour,60.37148,6.14656
2328103,NOODD,Odda,harbour,60.07063,6.5467
2328104,NOOLD,Olden,harbour,61.8434,6.81061
2328106,NORSE,Rosendal,harbour,59.98562,6.00625
2328107,NOSDN,Sandane,harbour,61.77658,6.21248
2328108,NOSAM,Samnanger,harbour,60.400204,5.732375
2328109,NOSOG,Sogndal,harbour,61.22904,7.10416
2328111,NOSRP,Stord,harbour,59.760704,5.48956
2328112,NOSVE,Svelgen,harbour,61.77379,5.29295
2328113,NOZBJ,Bjørnafjorden,location_at_sea,60.11292,5.52062
2328114,NOUVK,Ulvik,harbour,60.56716,6.91896
2328115,NOVHM,Vadheim,harbour,61.20473,5.81176
2328116,NOVAK,Vaksdal,harbour,60.47551,5.73728
2328117,NOVIS,Vik - Sogn,harbour,61.089935,6.584415
2328118,NOAAV,Ålvik,harbour,60.43064,6.42686
2328119,NOARD,Årdalstangen,harbour,61.23452,7.7076
2328120,NOSTU,Sture,harbour,60.6195,4.86054
2328121,NOMVV,Mjølkevikvarden,harbour,60.55163,4.98784
2328122,NOTSX,Tyssedal,harbour,60.11723,6.55295
2328123,NOZFO,Fonnesflaket ankring,anchorage,60.820522,4.962645
2328124,NOMOB,Mongstadbase,harbour,60.79495,5.06829
2328125,NOSLV,Sløvåg Industriområde,harbour,60.85025,5.070033
2328127,NOLAG,Langevåg,harbour,59.6112,5.24232
2328128,NORUB,Rubbestadneset,harbour,59.81995,5.26634
2328129,NOAGO,Ågotnes,harbour,60.41132,5.016667
2328130,NOOLV,Ølve,harbour,59.997368,5.79572
2328131,NOEDS,Eide - Sotra,harbour,60.386677,4.963508
2328132,NODYD,Dyrstad,harbour,61.77192,5.16089
2328133,NOSJE,Selje,harbour,62.04487,5.33979
2328134,NOZRF,Rekstafjorden,location_at_sea,61.55128,4.85855
2328135,NOZKV,Kvannhovden Losbordingspunkt,pilot_boarding,61.703335,4.758333
2328136,NOZST,Stad,location_at_sea,62.19533,5.047667
2328137,NOZHV,Holmengrå Vest Losbordingspunkt,pilot_boarding,60.85,4.431667
2328138,NOZHO,Holmengrå Losbordingspunkt,pilot_boarding,60.856667,4.65
2328139,NOZFE,Fedje Vest Losbordingspunkt,pilot_boarding,60.766666,4.465
2328140,NOZFV,Fedjeosen Losbordingspunkt,pilot_boarding,60.735,4.735
2328141,NOFED,Fedje,harbour,60.78217,4.71167
2328142,NOMOV,Mølstrevåg,harbour,59.5222,5.25869
2328144,NOJON,Jondal,harbour,60.27646,6.24957
2328145,NOKON,Kollsnes,harbour,60.55726,4.82716
2328146,NOGHV,Gunhildvågen,harbour,61.58504,5.0003
2328147,NOBTN,Botnaneset - Flora,harbour,61.61246,5.07074
2328148,NOKVG,Kalvåg,harbour,61.76553,4.88255
2328149,NOIGL,Iglandsvik,harbour,61.83564,4.93851
2328150,NOLOE,Loen,harbour,61.87246,6.84192
2328151,NOZVA,Vågsfjorden,location_at_sea,61.91912,5.07734
2328153,NOZSI,Sildagapet,location_at_sea,62.06278,5.11525
2328155,NOAUK,Aukra,harbour,62.81708,6.90293
2328156,NOAUE,Aure,harbour,63.268,8.52402
2328157,NOAVE,Averøy,harbour,63.05696,7.67049
2328158,NOBJU,Bjugn,harbour,63.76303,9.75767
2328160,NOBRV,Brattvåg,harbour,62.60474,6.44813
2328161,NOBKS,Brekstad,harbour,63.68667,9.66964
2328162,NOZFM,Freifjorden ankring,anchorage,63.016666,7.819667
2328163,NOBUV,Buvika,harbour,63.31224,10.16269
2328164,NODYR,Dyrvik,harbour,63.75821,8.82787
2328165,NOEDE,Eide,harbour,62.91519,7.45552
2328166,NOEDD,Eidsdal,harbour,62.26283,7.17235
2328167,NOIKR,Ikornnes,harbour,62.38749,6.55652
2328168,NOELL,Ellingsøy,harbour,62.49592,6.3518
2328169,NOELN,Elnesvågen,harbour,62.84855,7.11393
2328170,NOFST,Fiskarstrand,harbour,62.441906,6.27683
2328171,NOFOL,Follafoss,harbour,63.98149,11.09986
2328172,NOFOS,Fosnavåg,harbour,62.33932,5.63957
2328173,NOGNR,Geiranger,harbour,62.10228,7.20462
2328174,NOZGR,Grip ytre Losbordingspunkt,pilot_boarding,63.25,7.598333
2328175,NOHLS,Halsa,harbour,63.06223,8.22976
2328177,NOHRI,Hareid,harbour,62.37414,6.03414
2328179,NOHSY,Hellesylt,harbour,62.08748,6.87042
2328180,NOHES,Hestvika,harbour,63.56804,9.19933
2328181,NOHJO,Hjørungavåg,harbour,62.35416,6.08277
2328182,NOHOA,Holla,harbour,63.31956,9.14506
2328183,NOHOK,Hommelvik,harbour,63.41468,10.78255
2328186,NOZKR,Kråkvågfjorden  Losbordingspunkt,pilot_boarding,63.65,9.248332
2328188,NOZTR,Trondheim ankring,anchorage,63.475,10.4545
2328189,NOKSU,Kristiansund,harbour,63.11531,7.73641
2328190,NOKYR,Kyrksæterøra,harbour,63.29071,9.09168
2328191,NOLGS,Langstein,harbour,63.54547,10.88874
2328192,NONZC,Larsnes,harbour,62.20356,5.57222
2328194,NOLKV,Leksvik,harbour,63.66797,10.61876
2328195,NOLEN,Lensvik,harbour,63.51527,9.810417
2328196,NOLEV,Levanger,harbour,63.75147,11.297143
2328197,NOLSU,Lysøysund,harbour,63.88817,9.87236
2328198,NOMLM,Malm,harbour,64.07379,11.23836
2328200,NOMOL,Molde,harbour,62.73415,7.15487
2328201,NOMLT,Moldtustranda,harbour,62.29865,5.65118
2328202,NOMRV,Muruvika,harbour,63.43798,10.83848
2328203,NOZTA,Talgsjøen,location_at_sea,63.1407,7.78273
2328204,NOOSY,Namsos,harbour,64.46156,11.51168
2328205,NOUTV,Utvorda,harbour,64.59417,10.94957
2328207,NOORK,Orkanger,harbour,63.31765,9.84629
2328208,NORSD,Raudsand,harbour,62.84282,8.12535
2328209,NORVK,Rørvik,harbour,64.86066,11.23947
2328210,NOSBU,Salsbruket,harbour,64.79753,11.86161
2328211,NOSJO,Sjøholt,harbour,62.48159,6.80423
2328212,NOSKX,Skogn,harbour,63.71359,11.16437
2328213,NOSPV,Spjelkavik,harbour,62.45963,6.34562
2328214,NOSTJ,Stjørdal,harbour,63.46674,10.88436
2328215,NOSTH,Steinshamn,harbour,62.78605,6.47355
2328216,NOSTE,Steinkjer,harbour,64.01258,11.4845
2328217,NOSRN,Stranda,harbour,62.313198,6.94602
2328218,NOSUN,Sunndalsøra,harbour,62.68337,8.55013
2328219,NOSUR,Surnadal,harbour,62.98646,8.64895
2328220,NOSYK,Sykkylven,harbour,62.40008,6.5802
2328221,NOORK,Thamshamn,harbour,63.31937,9.87746
2328222,NOTJU,Torjulvågen,harbour,62.98407,8.24537
2328223,NOTRD,Trondheim,harbour,63.44188,10.40645
2328224,NOULS,Ulsteinvik,harbour,62.34243,5.83597
2328225,NOUTH,Uthaug,harbour,63.7289,9.58955
2328226,NOVTL,Vartdal,harbour,62.30188,6.08211
2328227,NOVER,Verdal,harbour,63.78615,11.440917
2328228,NOVST,Vestnes,harbour,62.63532,7.08
2328230,NOORS,Ørsta,harbour,62.18959,6.09376
2328231,NOAHM,Åheim,harbour,62.044,5.52081
2328232,NOAES,Ålesund,harbour,62.46932,6.14922
2328233,NOAND,Åndalsnes,harbour,62.5676,7.67903
2328234,NOVAE,Valsneset,harbour,63.81681,9.63527
2328236,NOEGG,Eggesbønes,harbour,62.32339,5.65062
2328237,NOVSM,Vikan - Smøla,harbour,63.37644,8.20172
2328239,NOTBO,Tjeldbergodden,harbour,63.41334,8.68388
2328240,NOLIA,Liavåg,harbour,62.34773,6.06633
2328241,NOTVI,Torvika,harbour,62.337933,5.72899
2328242,NOMID,Midsund,harbour,62.6723,6.67386
2328243,NOZBR,Breisundet Losbordingspunkt,pilot_boarding,62.45,5.981667
2328244,NOZVG,Vanylvsgapet Losbordingspunkt,pilot_boarding,62.208332,5.281667
2328245,NOZVF,Valderhaugfjorden,pilot_boarding,62.48675,6.11714
2328246,NOSVT,Stavneset - Rissa,harbour,63.69751,9.95293
2328248,NOADN,Andenes,harbour,69.32487,16.13383
2328249,NOBLL,Ballangen,harbour,68.3416,16.83724
2328250,NOBSD,Ballstad,harbour,68.06953,13.53881
2328251,NOBOO,Bodø,harbour,67.28395,14.37422
2328252,NOBOG,Bogen,harbour,68.51978,16.983747
2328253,NOBOS,Borkenes,harbour,68.77054,16.17254
2328254,NOBTS,Brettesnes,harbour,68.2315,14.84883
2328255,NOBNN,Brønnøysund,harbour,65.47396,12.209695
2328256,NODRG,Drag,harbour,68.04756,16.079433
2328257,NOEDT,Eidet,harbour,68.73812,14.5803
2328258,NOEVT,Evenestangen,harbour,68.4552,16.723186
2328259,NOFND,Finneid,harbour,67.25077,15.42353
2328260,NOFJL,Fjelldal,harbour,68.55413,16.50489
2328261,NOZFL,Fleinvær Losbordingsfelt,pilot_boarding,67.225,13.77
2328262,NOGLO,Glomfjord,harbour,66.80975,13.93774
2328263,NOHFL,Hammerfall,harbour,67.393364,15.54001
2328264,NOHRD,Harstad,harbour,68.79862,16.54757
2328266,NOHEN,Henningsvær,harbour,68.15539,14.21211
2328267,NOHHA,Hufthammar,harbour,60.123024,5.200075
2328269,NOKJK,Kjøpsvik,harbour,68.09367,16.35909
2328272,NOLOD,Lødingen,harbour,68.41846,15.99773
2328273,NOMEL,Melbu,harbour,68.49908,14.80075
2328274,NOMQN,Mo i Rana,harbour,66.32282,14.1359
2328275,NOMJF,Mosjøen,harbour,65.85021,13.19051
2328276,NOMSK,Moskenes,harbour,67.89868,13.04466
2328279,NONVK,Narvik,harbour,68.42968,17.388697
2328280,NONSN,Nesna,harbour,66.20054,13.00825
2328281,NORAM,Ramsund,harbour,68.4939,16.50809
2328282,NOREI,Reine,harbour,67.93622,13.100252
2328284,NORET,Røst,harbour,67.52288,12.1395
2328285,NOSAC,Salangsverket,harbour,68.9079,17.72008
2328286,NOSSJ,Sandnessjøen,harbour,66.024,12.63842
2328287,NOSJV,Sjøvegan,harbour,68.87612,17.83098
2328288,NOSRK,Skrolsvik,harbour,69.06677,16.8129
2328289,NOSRD,Sigerfjord,harbour,68.64223,15.51952
2328290,NOSLX,Sortland,harbour,68.70024,15.41927
2328291,NOSKN,Stokmarknes,harbour,68.57093,14.91198
2328292,NOSSO,Straumsjøen,harbour,68.69695,14.46761
2328293,NOSTX,Stø,harbour,69.01998,15.12744
2328294,NOSVJ,Svolvær,harbour,68.23081,14.5662
2328295,NOSRA,Sørreisa,harbour,69.14504,18.13237
2328296,NOTOV,Tovik,harbour,68.689674,16.84011
2328297,NOVEY,Værøy Sørlandsvågen,harbour,67.658066,12.70098
2328298,NOZAV,Åsvær Indre Losbordingspunkt,pilot_boarding,66.255,12.611667
2328299,NOZTY,Tranøy ytre Losbordingsfelt,pilot_boarding,68.21167,15.595
2328300,NOBKV,Bjerkvik,harbour,68.53255,17.56713
2328301,NOFFB,Finnfjordbotn,harbour,69.22303,18.08008
2328302,NOHEK,Hekkelstrand,harbour,68.40002,16.83305
2328303,NOSAT,Salten,harbour,67.36544,15.586403
2328304,NOZLG,Landegode Losbordingsfelt,pilot_boarding,67.5,14.375
2328305,NOLKN,Leknes,harbour,68.13416,13.60932
2328307,NOZSD,Svartisen,location_at_sea,66.70512,13.706783
2328308,NOHSA,Halsa Meløy,harbour,66.74151,13.51393
2328310,NOZLO,Lødingen Losbordingsfelt,pilot_boarding,68.38167,16.028334
2328311,NOZAN,Andenes Losbordingsfelt,pilot_boarding,69.325,16.225
2328312,NOZTN,Tranøy indre Losbordingsfelt,pilot_boarding,68.308334,15.928333
2328313,NOGRD,Gravdal,harbour,68.1279,13.57231
2328315,NOLRE,Lessremman,harbour,65.36443,12.47758
2328316,NOZSS,Store Svartoksen Losbordingsfelt,pilot_boarding,67.23167,14.12
2328317,NOZML,Melbu Losbordingsfelt,pilot_boarding,68.46667,14.8
2328318,NOZSR,Svolvær Losbordingsfelt,pilot_boarding,68.183334,14.55
2328319,NOZMY,Myre Losbordingsfelt,pilot_boarding,69,14.966667
2328321,NOALF,Alta,harbour,69.96718,23.24067
2328322,NOBVG,Berlevåg,harbour,70.8595,29.09684
2328326,NOBUG,Bugøynes,harbour,69.96627,29.65627
2328327,NOBJF,Båtsfjord,harbour,70.63502,29.72793
2328328,NOFNE,Finnsnes,harbour,69.22876,17.97086
2328329,NOZFU,Fugløya Losbordingspunkt,pilot_boarding,70.1,20.215
2328330,NOGAM,Gamvik,harbour,71.06187,28.26039
2328331,NOGJV,Gjesvær,harbour,71.10037,25.37826
2328332,NOGRY,Gryllefjord,harbour,69.36215,17.06486
2328333,NOHBT,Hamnbukt - Porsanger,harbour,70.09323,25.07692
2328335,NOHFT,Hammerfest,harbour,70.66474,23.68103
2328336,NOHVK,Hasvik,harbour,70.48329,22.16282
2328337,NOHAV,Havøysund,harbour,70.99477,24.66732
2328338,NOZHE,Hekkingen Ytre Losbordingsfelt,pilot_boarding,69.60833,17.865
2328339,NOHVG,Honningsvåg,harbour,70.98095,25.96875
2328340,NOHSS,Husøy - Lenvik,harbour,69.54344,17.66541
2328341,NOJOV,Jøvik,harbour,69.60495,19.81447
2328342,NOKDF,Kaldfjord,harbour,69.68751,18.73222
2328343,NOKKN,Kirkenes,harbour,69.72946,30.04052
2328344,NOKJF,Kjøllefjord,harbour,70.94909,27.33605
2328345,NOKGF,Kongsfjord,harbour,70.71842,29.31829
2328346,NOKAH,Kårvikhamn,harbour,69.39762,18.157
2328348,NOLEP,Leirpollen,harbour,70.4714,28.48608
2328350,NOMEH,Mehamn,harbour,71.03626,27.84626
2328351,NORFJ,Reinfjord,harbour,70.10319,21.59557
2328352,NOZPP,Repparfjorden,location_at_sea,70.49973,24.18715
2328353,NOSAA,Skaland,harbour,69.44107,17.327885
2328354,NOSKZ,Skarsvåg,harbour,71.1139,25.83376
2328355,NOSKB,Skibotn,harbour,69.3965,20.26582
2328356,NOSKY,Skjervøy,harbour,70.03516,20.98259
2328357,NOSOM,Sommarøy,harbour,69.63494,18.00059
2328358,NOSTY,Lillebukt,harbour,70.261986,22.614326
2328359,NOSVR,Sørvær,harbour,70.63058,21.97731
2328360,NOTVA,Torsvåg,harbour,70.2427,19.49845
2328361,NOTOS,Tromsø,harbour,69.64854,18.962683
2328362,NOUBO,Uløybukt,harbour,69.8576,20.69222
2328363,NOVDS,Vadsø,harbour,70.07079,29.73696
2328364,NOVAO,Vardø,harbour,70.37213,31.10694
2328365,NOVEO,Vengsøy,harbour,69.83539,18.58868
2328366,NOOKF,Øksfjord,harbour,70.23844,22.346706
2328368,NODFJ,Dåfjord,harbour,69.99376,19.38737
2328369,NOBGN,Bergeneset,harbour,69.23801,19.360731
2328370,NOKVL,Kristoffervalen,harbour,70.13188,19.995684
2328372,NOVNN,Vannavalen,harbour,70.128716,19.978233
2328375,NOKVS,Kvalsund,harbour,70.50592,23.9796
2328376,NOZFH,Fruholmen Losbordingspunkt,pilot_boarding,71.083336,23.633333
2328377,NOZGN,Grøtnes Losbordingspunkt,pilot_boarding,69.87334,19.793333
2328378,NOZAK,Akkarfjordnæringen Losbordingspkt.,pilot_boarding,70.78333,23.536667
2328379,NOZHG,Honningsvåg Losbordingspunkt,pilot_boarding,70.958336,25.956667
2328380,NOZKI,Kirkenes ytre Losbordingsfelt,pilot_boarding,69.855,30.12
2328381,NOZHS,Hekkingen Indre Losbordingsfelt,pilot_boarding,69.528336,18.031668
2328382,NOMLK,Melkøya,harbour,70.68187,23.58937
2328383,NOSJH,Senjahopen,harbour,69.49589,17.49221
2332021,SJBAR,Barentsburg,harbour,78.066666,14.2
2332022,SJLYR,Longyearbyen,harbour,78.21667,15.633333
2332023,SJNYA,Ny-Ålesund,harbour,78.933334,11.95
2332024,SJSVE,Sveagruva,harbour,77.85,16.65
2341249,NOAAF,Åfjord,harbour,63.95492,10.172782
2341264,NOASL,Askvoll,harbour,61.345787,5.0668
2341267,NOAUL,Aurland,harbour,60.90676,7.18639
2341270,NOAVA,Avaldsnes,harbour,59.35823,5.28086
2341284,NOBJY,Bjarkøy,harbour,68.99893,16.53808
2341292,NOBOM,Bømlo,harbour,59.793736,5.175527
2341306,NODIM,Dimmelsvik,harbour,59.9541,5.97313
2341317,NOEIL,Eidslandet,harbour,60.73463,5.79634
2341327,NOFAU,Fauske,harbour,67.25767,15.39498
2341336,NOFSD,Fjellstrand,harbour,60.21675,5.97573
2341357,NOGPN,Gaupne,harbour,61.39722,7.29625
2341370,NOGUL,Gulen,harbour,60.981094,5.074997
2341392,NOHER,Hermansverk,harbour,61.18423,6.84903
2341413,NOINV,Innvik,harbour,61.84786,6.61055
2341424,NOKIV,Kinsarvik,harbour,60.37713,6.71995
2341429,NOKLE,Kleppestø,harbour,60.40642,5.22682
2341441,NOKVM,Kvam,harbour,60.386944,6.206525
2341443,NOKSY,Kvitsøy,harbour,59.05747,5.4182
2341456,NOLEF,Leirfjord,harbour,66.06166,12.95557
2341458,NOLRI,Leirvik,harbour,59.77956,5.501665
2341472,NOLRA,Lura,harbour,58.877525,5.746687
2341474,NOLUS,Luster,harbour,61.44244,7.46075
2341514,NONOD,Norddal,harbour,62.2974,7.264388
2341530,NOORV,Ortnevik,harbour,61.11316,6.13272
2341531,NOOOS,Os,harbour,60.18299,5.46844
2341568,NOSAY,Sandøya,harbour,62.82026,6.57468
2341587,NOSLN,Skjolden,harbour,61.48774,7.59929
2341593,NOSMO,Smøla,harbour,63.46577,8.00744
2341598,NOSLD,Solund,harbour,61.07421,4.838333
2341605,NOSOV,Søvik,harbour,62.55077,6.2766
2341607,NOSUZ,Stamsund,harbour,68.12127,13.841033
2341608,NOSTA,Stathelle,harbour,59.03783,9.71419
2341610,NOSTV,Stavern,harbour,58.99966,10.04103
2341621,NOSDZ,Stordal,harbour,62.3826,6.98509
2341627,NOSGJ,Straumsgjerde,harbour,62.33603,6.58649
2341628,NOSRM,Straumsnes,harbour,68.65052,14.64239
2341629,NOSTR,Stryn,harbour,61.89567,6.70575
2341649,NOTJR,Tjørvåg,harbour,62.29175,5.74065
2341651,NOZOM,Tomrefjorden,location_at_sea,62.61667,6.9
2341653,NOTOR,Torsken,harbour,69.33776,17.10567
2341662,NOTYN,Tysnes,harbour,60.04677,5.52431
2341664,NOTYV,Tysvær,harbour,59.421616,5.4479
2341665,NOULL,Ullensvang,harbour,60.3225,6.65246
2341670,NOUTS,Utsira,harbour,59.31197,4.88472
2341676,NOVAG,Valevåg,harbour,59.69682,5.47155
2341677,NOVAN,Vanvikan-Leksvik,harbour,63.55579,10.24541
2341682,NOVEG,Vega,harbour,65.65532,12.01645
2341687,NOEDE,Vevang,harbour,63.000927,7.303162
2341690,NOVHN,Vikholmen,harbour,66.20504,12.96885
2341693,NOVDA,Volda,harbour,62.1446,6.06191
2341694,NOVLL,Voll - Skien,harbour,59.123333,9.564167
2346743,NOZOS,Jøsenfjorden,location_at_sea,59.283333,6.3
2347376,NOHET,Herøysundet,harbour,59.924168,5.790133
2347377,NOUSD,Uskedalen,harbour,59.93303,5.83167
2347700,NO888,Brandal,harbour,62.4008,6.010595
2347731,NOFSK,Fiskåbygd - Vanylven,harbour,62.09493,5.5484
2347797,NOTOM,Tomrefjord,harbour,62.584,6.93029
2347996,NOHYE,Hyen,harbour,61.73592,5.92235
2348477,NOSTL,Nord statland,harbour,64.49376,11.168203
2349078,NO888,Sandsøy,harbour,68.941505,16.672182
2353223,NOABV,Abelvær,harbour,64.731606,11.17991
2353227,NOVGN,Barstrand,harbour,68.28317,14.26802
2353228,NOBLO,Blokken,harbour,68.60019,15.38115
2353233,NODYL,Dyrøyhamn,harbour,69.01128,17.4391
2353235,NODDY,Espenesbogen,harbour,69.11596,17.75818
2353237,NOFIN,Finneidfjord,harbour,66.19147,13.78398
2353239,NOGOT,Grøtavær,harbour,68.96496,16.2551
2353244,NOVGN,Hopen,harbour,68.19363,14.34616
2353245,NOISY,Ingøy,harbour,71.08422,24.06169
2353246,NOIDR,Inndyr,harbour,67.03531,14.02138
2353247,NOJAN,Jakobsnes,harbour,69.73276,30.1079
2353251,NOKBV,Kobbvågen,harbour,68.73844,14.53251
2353254,NOLAV,Lavangen,harbour,68.7512,17.79147
2353255,NOLNE,Leines,harbour,67.73285,14.77262
2353256,NOLOV,Lovund,harbour,66.36561,12.3726
2353264,NOSVI,Ørnes,harbour,66.86904,13.7033
2353267,NOROG,Rognan,harbour,67.10728,15.38975
2353271,NOSAL,Salangen,harbour,68.8761,17.831
2353277,NOSRO,Skrova,harbour,68.1676,14.66453
2353282,NOSTO,Stokkvågen,harbour,66.33906,13.003897
2353284,NOTJL,Tjøtta,harbour,65.82193,12.43095
2353285,NOTNN,Tonnes,harbour,66.51101,13.00557
2353286,NOTUF,Tufjorden,harbour,71.0048,23.90077
2353289,NOIKA,Vikan - Bodø,harbour,67.30127,14.704278
2353291,NOZBV,Buvika ankring,anchorage,69.54652,18.102036
2353294,NOZDK,Dragnesklubben Ankring,anchorage,68.583336,14.75
2353295,NOZGI,Grinna Losbordingspunkt,pilot_boarding,64.73333,10.966667
2353296,NOZCS,Grøtsundet,location_at_sea,69.78677,19.26361
2353297,NOZHJ,Håja losbording,pilot_boarding,69.746666,18.01
2353299,NOZHR,Hugla ankring,anchorage,66.1612,12.911597
2353302,NOZVS,Kvalsundet,location_at_sea,69.85535,18.88705
2353304,NOZLF,Lofotodden ankring,anchorage,67.833336,12.933332
2353305,NOZQC,Lafjorden,location_at_sea,70.9021,25.556772
2353306,NOZMA,Mårnesskagen ankring,anchorage,67.15998,14.12002
2353308,NOZMN,Moskenesstraumen,location_at_sea,67.8067,12.79618
2353309,NOZNY,Andfjorden ankring,anchorage,69.0639,15.981675
2353311,NOZNV,Narvikbukta ankring,anchorage,68.42381,17.407236
2353312,NOZNN,Nesnaflaket ankring,anchorage,66.228966,13.051072
2353313,NOZND,Neverdalsbukta ankring,anchorage,66.84,13.74839
2353318,NOZRT,Røsthavet,location_at_sea,67.598236,12.392578
2353321,NOZAZ,Sarnesfjorden ankring,anchorage,70.96167,25.76
2353325,NOZSB,Sørøysundet,location_at_sea,70.55841,23.007433
2353328,NOZTJ,Tanafjorden,location_at_sea,70.63212,28.38522
2353329,NOZNT,Tomma,location_at_sea,66.23243,12.858038
2353331,NOZTF,Trollfjorden,location_at_sea,68.36278,14.93607
2353333,NOZOV,Åsvær Ytre Losbordingsfelt,pilot_boarding,66.28333,12.208333
2353334,NOZBA,Balsnesodden,location_at_sea,69.575,18.871668
2353337,NOZKB,Krigsborgan,location_at_sea,64.9,11.336332
2353339,NOZMO,Molldøra Losbordingsfelt,pilot_boarding,68.21667,14.891667
2447348,NOZBS,Bjørnsund,location_at_sea,62.90043,6.85686
2447352,NOZAL,Honningsvåg - Altsula ankring,anchorage,70.966866,25.868511
2447354,NOZVO,Skarsvåg ankring,anchorage,71.111,25.84054
2447358,NOZKK,Kirkenes indre Losbordingsfelt,pilot_boarding,69.78833,30.081667
2447363,NOLAY,Lenangsøyra,harbour,69.81288,19.9881
2447364,NOLAS,Lenangen Søndre,harbour,69.81282,19.98811
2447367,NOAFS,Anfinnsletta,harbour,68.34172,15.43262
2447375,NOZNA,Nærøysundet,location_at_sea,64.82227,11.1637
2447376,NOLEA,Leirvik i Hyllestad,harbour,61.1244,5.3299
2447377,NOZLH,Langgrunna ankring,anchorage,59.396667,10.52
2447381,NOVTS,Vats,harbour,59.47532,5.73696
2447382,NOBOK,Bokn,harbour,59.23251,5.4382
2447384,NORES,Raunes - Vindafjord,harbour,59.43995,5.74892
2447385,NOSKG,Skogsvåg,harbour,60.26805,5.10726
2447386,NOVSN,Visnes - Eide,harbour,62.95716,7.40484
2447388,NOZHI,Haugsøytangen ankring,anchorage,60.8066,5.15981
2447389,NOZRU,Raudøya,location_at_sea,64.38333,10.4
2447390,NONFO,Monstad,harbour,63.953167,10.169563
2447392,NOKRV,Knarrevik,harbour,60.37095,5.16023
2447393,NOUME,Straume,harbour,60.34251,5.12765
2447394,NOVNS,Vingsand,harbour,64.3486,10.46444
2447398,NOZCB,Hustadvika,location_at_sea,63.10013,7.34902
2447399,NOFNN,Fonnes,harbour,60.81006,4.97002
2447401,NOBOE,Bøneset - Karmøy,harbour,59.36756,5.29159
2447402,NORUN,Runde,harbour,62.39801,5.66132
2447403,NOFYS,Fjærland,harbour,61.40454,6.74112
2447404,NOSRS,Storesund,harbour,59.39512,5.27172
2447406,NOOMA,Omastranda,harbour,60.21691,5.97451
2447410,NOVIG,Vigra,harbour,62.52788,6.13482
2447413,NOZFG,Flesa,location_at_sea,63.64637,8.417922
2447414,NOASV,Austevoll,harbour,60.11456,5.16522
2447416,NOHOT,Hanøytangen,harbour,60.440834,5.1
2447426,NOZMC,Mangerfjorden,location_at_sea,60.62704,5.01915
2447429,NOBYS,Bygstad,harbour,61.376125,5.65412
2447430,NOSLH,Salthella,harbour,60.00109,5.11588
2447446,NOZDD,Dragnesodden,location_at_sea,68.6,14.666667
2447455,NORIV,Risavika,harbour,58.921707,5.591527
2447456,NOHOO,Horsøy,harbour,60.433357,5.163382
2447466,NOHOG,Høgset,harbour,62.96581,7.76918
2447473,NOUTN,Utne,harbour,60.42407,6.62176
2447474,NOVMD,Vedavågen,harbour,59.29709,5.22901
2447475,NOZSA,Såstein,location_at_sea,58.95341,9.724742
2447476,NOZCK,Svenner,location_at_sea,58.96973,10.1209
2447478,NORTL,Rutletangen,harbour,61.07268,5.22002
2447479,NOMAL,Malangen,location_at_sea,69.3816,18.49024
2447590,NOHEM,Håeimsvika,harbour,62.48263,6.68713
2447592,NOATL,Atløy,harbour,61.35602,4.88843
2447629,NORBV,Raudbergvika,harbour,62.25967,7.03204
2447630,NONOM,Nordmela,harbour,69.14179,15.6814
2447631,NOLND,Lyngdal,harbour,58.11925,7.04551
2447632,NOZAA,Slagentangen ankring,anchorage,59.3375,10.518332
2447634,NOZMB,Mandal ankring,anchorage,58.01276,7.42893
2447635,NOZRD,Kirkenes - Ropelv ankring,anchorage,69.77167,30.116667
2447636,NOHFF,Hafrsfjord,harbour,58.96159,5.60121
2447637,NOSTI,Steinvig,harbour,58.95867,6.00589
2447653,NOSRH,Skarholmen,harbour,60.39694,5.20373
2447654,NOHAZ,Halsnøy,harbour,59.794575,5.708942
2447658,NOSIH,Siholmen,harbour,63.73693,8.83949
2447666,NOMOR,Mørsvikbotn,harbour,67.69564,15.839952
2447669,NOZBF,Boknafjorden,location_at_sea,59.166668,5.5
2447670,NOAAA,Å i Lofoten,harbour,67.88169,12.98303
2447672,NOZGJ,Gjæslingan,location_at_sea,64.72632,10.8565
2447678,NOZFJ,Frøysjøen,location_at_sea,61.78075,5.05719
2447680,NOZHP,Hellmobotn,location_at_sea,67.81852,16.51076
2447681,NOZSC,Sandnessjøen ankring,anchorage,66.03179,12.60741
2447691,NONEV,Nevlunghamn,harbour,58.96794,9.86886
2447710,NOLON,Lonevåg,harbour,60.52692,5.48966
2447728,NOFLY,Flatøy,harbour,60.53543,5.25408
2447731,NOZBE,Belgen ankring,anchorage,59.125225,10.980148
2447734,NOZBT,Båtsfjord Losbordingspunkt,pilot_boarding,70.65833,29.816668
2447744,NOZFB,Fensfjorden,location_at_sea,60.832645,4.98197
2447752,NOZDA,Dalasundet ankring,location_at_sea,63.12189,7.76641
2447754,NOUND,Sund - Karmøy,harbour,59.29871,5.23
2447757,NOVDL,Vistdal,harbour,62.72306,7.93071
2447758,NOOTB,Ottersbogen,harbour,63.70825,9.79027
2447759,NOFNS,Fornes,harbour,68.86691,17.47051
2447761,NOVOH,Vågaholmen,harbour,66.71008,13.27964
2447763,NOSEJ,Seljeli,harbour,66.13619,13.58094
2447764,NONYE,Nyelv,harbour,70.0758,28.86934
2447765,NOOTO,Ottersøy,harbour,64.85834,11.28448
2447768,NOFOR,Forsand,harbour,58.90155,6.08786
2447769,NOMSD,Mjølstadneset,harbour,62.32143,5.67047
2447771,NOZNR,Tromsø ankring,anchorage,69.668335,18.9955
2447778,NOFNY,Finnøy,harbour,59.16687,5.8076
2447779,NOZSJ,Selbjørnsfjorden,location_at_sea,59.95894,5.16303
2447784,NOFIT,Fitjar,harbour,59.92401,5.31715
2447785,NOHSL,Hovland,harbour,60.23542,6.6149
2450219,NOSAG,Vormedal,harbour,59.35455,5.31726
2450225,NOBTH,Botnhamn,harbour,69.5086,17.90663
2450226,NOBVB,Breivikbotn,harbour,70.59018,22.28261
2450228,NODJU,Djupvik,harbour,69.74942,20.48462
2450230,NOLIN,Eidsnes,harbour,60.596493,5.434885
2450231,NOELO,Eikelandsosen,harbour,60.23812,5.74658
2450232,NOEVV,Eivindvik,harbour,60.9795,5.08376
2450233,NOFLO,Florvåg,harbour,60.42036,5.24051
2450235,NOGUR,Gursken,harbour,62.22135,5.64475
2450238,NOHRS,Harøysundet,harbour,62.88433,6.96291
2450240,NOHRO,Herøy,harbour,65.981224,12.284818
2450243,NOHLB,Høylandsbygda,harbour,59.79202,5.7937
2450246,NOKLD,Kolvereid,harbour,64.861664,11.6225
2450247,NOKUV,Kuvika,harbour,71.04271,25.8937
2450248,NOKDL,Kvanndal,harbour,60.47185,6.612403
2450249,NOLYF,Lysebotn,harbour,59.05469,6.64527
2450250,NOMYO,Myre-Øksnes,harbour,68.91237,15.06488
2450252,NONYH,Nyhamna,harbour,62.85225,6.9517
2450254,NORMV,Ramsvika,harbour,62.95761,7.40289
2450256,NORSH,Risøyhamn,harbour,68.96777,15.64105
2450257,NORYF,Rypefjord,harbour,70.63543,23.66368
2450260,NOORN,Skutvik - Hamarøy,harbour,68.015205,15.33642
2450263,NOSOJ,Sørkjosen,harbour,69.79389,20.94225
2450265,NOSNS,Steinesjøen,harbour,68.60508,14.45854
2450267,NOSIS,Sunde,harbour,59.83485,5.72493
2450271,NOTAV,Torangsvåg,harbour,60.11482,5.16511
2450272,NOTRN,Træna,harbour,66.50336,12.1038
2450274,NOTMV,Tromvik,harbour,69.77911,18.40188
2450343,NOZSL,Sortland ankring,anchorage,68.67965,15.448483
2450345,NOZFN,Fosen - Karmøy ankring,anchorage,59.3,5.375333
2450353,NOKIL,Kilvik,harbour,66.73175,13.89505
2450362,NOZCJ,Strandvikflaket ankring,anchorage,60.13362,5.65874
2450370,NOZBG,Byfjorden - Bergen,location_at_sea,60.425854,5.267938
2450371,NOZVC,Vannøy ankring,anchorage,70.07333,20.033333
2450372,NOZDU,Duken og Kyrre ankring,anchorage,59.01829,10.96269
2450381,NOZSK,Skånevikfjorden,location_at_sea,59.73545,5.84154
2450394,NOHEF,Herfjord,harbour,64.00612,10.02561
2450395,NOZHW,Hustadsundet,location_at_sea,67.1049,14.00908
2450397,NOBJD,Bjordal,harbour,61.07716,5.83193
2450398,NOZBN,Bonden,pilot_boarding,58.533234,9.022007
2450401,NOGRF,Grovfjord,harbour,68.68073,17.11754
2450406,NOROV,Rovde,harbour,62.18061,5.74728
2450407,NOSUS,Susort,harbour,59.28101,5.46934
2450408,NOZTB,Lanesgrunnen - Tromsø,location_at_sea,69.62119,18.90634
2450409,NOZTT,Nordspissen - Tromsø,location_at_sea,69.72944,19.033333
2450410,NOZCI,Porsangvika ankring,anchorage,70.87463,25.86471
2450412,NOZVD,Ylvingen,location_at_sea,65.64465,12.17388
2450413,NOZTI,Torget,location_at_sea,65.43138,12.05243
2450415,NOKAB,Kabelvåg,harbour,68.21278,14.4827
2450417,NOSSS,Sistranda,harbour,63.72417,8.83749
2450418,NOLYD,Lyngseidet,harbour,69.57692,20.22185
2451419,NOLVG,Laksevåg,harbour,60.38879,5.2984
2451460,NOJOS,Jøssingfjord,harbour,58.324024,6.351643
2451465,NOZON,Ona,location_at_sea,62.933334,6.45
2451468,NOSHT,Stanghelle,harbour,60.54761,5.72997
2451469,NOHKR,Helle - Kragerø,harbour,58.90384,9.39282
2451470,NOBLV,Blomvåg,harbour,60.53116,4.8786
2451473,NOZOC,Ormøysanden ankring,anchorage,59.878258,10.743728
2451481,NOZTG,Tjeldsundet,location_at_sea,68.5586,16.3992
2451482,NOZMM,Sammelsund,location_at_sea,70.58228,24.10559
2451483,NOZWS,Vargsundet,location_at_sea,70.3865,23.491173
2451484,NOZQW,Stjernsundet,location_at_sea,70.23372,22.65272
2451485,NOZRB,Rarftsundet,location_at_sea,68.39172,15.091095
2451486,NOZHD,Hanøysundet,location_at_sea,68.47608,15.18423
2451487,NOSOS,Svolvær Osan,harbour,68.23242,14.53873
2451489,NOBFJ,Bergsfjord,harbour,70.25184,21.78494
2451490,NOZNJ,Nusfjord,harbour,68.03467,13.35022
2451492,NOKIO,Killingøy,harbour,59.4217,5.24962
2451493,NOZMD,Mastrafjorden,location_at_sea,59.10311,5.6393
2451494,NOSVG,Stavanger Øst,harbour,58.9725,5.756667
2451496,NOZKW,Karmøy Vest,location_at_sea,59.237434,5.132483
2451498,NOZJU,Julsundet,location_at_sea,62.72945,6.95612
2451501,NOZCL,Klosterfjorden,location_at_sea,59.769115,5.69925
2451504,NOLAN,Langevåg - Sula,harbour,62.44585,6.19662
2451505,NOZBD,Buadjupet,location_at_sea,62.92184,6.77946
2451510,NOFSL,Forsøl,harbour,70.7213,23.8112
2451512,NOHED,Herdla,harbour,60.56788,4.95476
2451515,NOZAR,Åkrafjorden,location_at_sea,59.84733,6.32253
2451518,NOZLU,Lukksundet,location_at_sea,60.0207,5.71405
2451545,NOZBH,Bømlafjorden,location_at_sea,59.73616,5.50063
2451549,NOZVH,Vatlestraumen,location_at_sea,60.33624,5.19136
2451550,NOSBA,Stord base,harbour,59.754486,5.48398
2451556,NOVVG,Vågsvåg,harbour,61.93495,5.04446
2451561,NOOYB,Bogøy,harbour,67.9017,15.18709
2451562,NOZCH,Sognefjorden,location_at_sea,61.083332,5.5
2451565,NOOMB,Ombo,harbour,59.23581,6.02233
2451567,NOSKK,Stokksund,harbour,64.04707,10.01866
2451569,NOIGE,Igerøy,harbour,65.67982,12.13038
2451570,NOZSW,Sklinna fyr,location_at_sea,65.20167,11.001667
2451572,NOZSF,Haukøyfjorden,location_at_sea,68.17931,16.330683
2451578,NOZBB,Breiangen,location_at_sea,59.465168,10.462832
2451582,NOZXV,Verdal Reden,location_at_sea,63.80724,11.37402
2451583,NOZUL,Ullsfjord,location_at_sea,69.67843,19.71657
2451585,NOINN,Innhavet,harbour,67.96397,15.92384
2451588,NOHAE,Hansnes,harbour,69.960365,19.620968
2451592,NOZBY,Barøya Losbordingspunkt,pilot_boarding,68.36667,16.016666
2451593,NOZFK,Fugløyfjorden,location_at_sea,70.1,20.2
2451596,NOZKE,Krakhellesundet,location_at_sea,61.1349,5.02512
2451598,NOZSY,Skudefjorden 2 Losbordingspunkt,pilot_boarding,59.111668,5.436667
2451602,NOZVE,Varangerfjorden,location_at_sea,70.02258,29.250755
2451603,NOZCQ,Blåsoppbukta - Halden,location_at_sea,59.1,11.283332
2451608,NOZAC,Akkarfjord,location_at_sea,70.78438,23.40778
2451609,NOZRN,Verrafjorden,location_at_sea,63.56589,9.56309
2451610,NOHJJ,Hjelset,harbour,62.77886,7.49105
2451763,NOHNE,Hemnesberget,harbour,66.22385,13.60631
2451767,NOSAF,Sandeid,harbour,59.54171,5.86747
2451771,NOHYL,Hyllestad,harbour,61.17458,5.29802
2451774,NOKAN,Kalvneset,harbour,61.930935,5.45145
2451777,NOBUF,Burfjord,harbour,69.94107,22.042633
2451779,NOZKM,Karlsmedgrunnen ankring,anchorage,58.83132,5.35595
2451806,NOZFI,Fiskefjord ankring,anchorage,68.525,16.123333
2451810,NOKMN,Kårhamn,harbour,70.54645,23.15821
2451811,NOHRR,Herre,harbour,59.105415,9.56881
2451813,NOSVB,Svartebukt,harbour,59.0183,9.84116
2451818,NOZHU,Husøyflaket,location_at_sea,59.239,10.480167
2451822,NOGIK,Gismarvik,harbour,59.323334,5.39
2451823,NOZDM,Digermulen,location_at_sea,68.315865,14.967842
2451826,NOARH,Årdal - Hjelmeland,harbour,59.14639,6.166667
2451828,NOZBI,Buefjorden,location_at_sea,61.24296,4.764
2451829,NOOLL,Olderdalen,harbour,69.60341,20.52849
2451836,NOLFF,Listraumen,harbour,61.141666,5.201667
2451849,NOZSN,Sandverken lykt,location_at_sea,66.65379,13.09682
2451850,NOZDF,Digerflesa,location_at_sea,66.97439,13.64846
2451851,NOZNH,Nordreholsflu,location_at_sea,68.55262,16.42903
2451857,NOZNS,Nedstrandsfjorden,location_at_sea,59.33138,5.89149
2451861,SJMAG,Magdalenefjorden,location_at_sea,79.56366,11.065292
2451862,SJZHN,Hinlopenstretet,location_at_sea,79.50866,19.319458
2451863,SJZFY,Isfjord Radio Losbording,pilot_boarding,78.13333,14
2451864,SJZFI,Longyearbyen losbording,pilot_boarding,78.26667,15.233333
2451866,NOFBL,Fiskebøl,harbour,68.43469,14.81505
2451867,NOZMS,Myken sjøen,location_at_sea,66.76527,12.50904
2451868,NOZRE,Reine Sjøen,location_at_sea,67.93212,13.10969
2451874,NOZMU,Maursundet,location_at_sea,69.928116,20.9083
2451876,NOZRY,Rotsundet,location_at_sea,69.784,20.598783
2451878,NOZSU,Skagøysundet,location_at_sea,69.97025,18.70025
2451879,NOZLD,Lauksundet,location_at_sea,70.076164,20.793533
2451885,NOKJE,Kjerringøy,harbour,67.5216,14.761467
2451892,NOZVB,Måstadbukta ankring,anchorage,67.645355,12.609387
2451909,NOZBQ,Børøyfjorden,location_at_sea,68.8555,14.831333
2451912,SJZSV,Svea - Blåhuken ankring,anchorage,77.816666,16.083332
2451913,NOZLC,Langsundet,location_at_sea,69.95935,19.6492
2451914,NOAUS,Austvika,harbour,66.18905,13.23196
2451915,NOBLK,Bleik,harbour,69.27397,15.94856
2451922,NOGJD,Gjøsundet,harbour,62.52721,6.13826
2451926,NOHUD,Hundeidvika,harbour,62.37426,6.42124
2451929,NOLVK,Laukvik,harbour,68.38664,14.41473
2451930,NOMGR,Manger,harbour,60.63532,5.03029
2451931,NOMIS,Misvær,harbour,67.11956,14.97849
2451938,NOSGT,Skorgeneset,harbour,62.57774,7.12103
2451939,NOSID,Sævareid,harbour,60.18782,5.76462
2451946,NOVNJ,Vinjeøra,harbour,63.20656,8.98216
2452127,NOERF,Erfjord - Suldal,harbour,59.34131,6.21864
2452130,NO888,Staveneset,location_at_sea,63.141666,7.688333
2452137,NOOSE,Osnes - Vindafjord,harbour,59.5778,5.56199
2452138,NOVIL,Vikedal,harbour,59.49668,5.8935
2452139,NOSKH,Skjærhalden,harbour,59.02467,11.03742
2452140,NOZSE,Sekkeflua,location_at_sea,58.97167,11.041667
2452141,NOSBT,Botn - Sandnessjøen,harbour,66.00793,12.65729
2452145,NOFLM,Flem,harbour,62.679634,6.238883
2452147,NOKOL,Kollsnes Øst,harbour,60.550587,4.884625
2452148,NONSF,Nordskaget - Frøya,harbour,63.7093,8.5644
2452157,NOBON,Bognes,harbour,68.224,16.073833
2452158,NOBEL,Bellvika,harbour,69.78673,18.76293
2452159,NOGRR,Grytøya,harbour,68.88209,16.50369
2452160,NOBRH,Brensholmen,harbour,69.60785,18.03184
2452161,NOFSV,Festvåg,harbour,67.43907,14.7619
2452162,NOMIT,Misten,harbour,67.45272,14.72991
2452163,NOFON,Forøy,harbour,66.73857,13.51372
2452164,NOAGK,Ågskardet,harbour,66.7201,13.47634
2452175,NOVAD,Valldal,harbour,62.297333,7.264167
2452183,NOVNN,Vannøy,harbour,70.05351,19.85314
2452184,NOSAK,Stakkvik,harbour,69.95508,19.66845
2452195,NOZHN,Harstad ankring,anchorage,68.7997,16.55983
2452198,NOAVA,Bøvågen - Karmøy,harbour,59.36233,5.2825
2452200,NOSIP,Skipavik-Gulen,harbour,60.85248,5.03361
2452201,NOKIA,Kvithylla,harbour,63.56439,9.89351
2452203,NOFKG,Frekhaug,harbour,60.51786,5.24868
2452204,NO888,Ukjent lokasjon Norge,harbour,58.283333,9.783332
2452208,NOTYT,Tytebærvika,harbour,69.59855,19.9608
2452209,NONOL,Nordlenangen,harbour,69.90928,20.16343
2452210,NOSEV,Selva,harbour,63.61606,9.72934
2452222,NOSLV,Sløvåg,harbour,60.85615,5.06385
2452223,NOALV,Alvika,harbour,62.48517,6.3898
2452438,SJZRE,Rechechefjorden,location_at_sea,77.58073,14.657028
2454438,NOHOY,Husøy - Tønsberg,harbour,59.24303,10.46201
2454501,NONIA,Hammarvika - Frøya,harbour,63.69339,8.81093
2454528,NOSKV,Skålevik,harbour,60.39508,5.23263
2454531,NOSNL,Standal,harbour,62.26389,6.42652
2454606,NOOSE,Dommersnes,harbour,59.577263,5.562858
2454641,SJZTE,Tempelfjorden,location_at_sea,78.37029,16.710205
2454642,SJZBI,Billefjord,location_at_sea,78.63333,16.583332
2454643,SJZTR,Trygghamna,location_at_sea,78.25,13.8
2454644,SJZYM,Ymerbukta,location_at_sea,78.25,13.966667
2454645,SJZLH,Lilliehøkfjorden,location_at_sea,79.25,11.616667
2454646,SJZMO,Møllerfjorden,location_at_sea,79.25,11.95
2454647,SJZLI,Liefdefjorden,location_at_sea,79.61667,13.083333
2454648,SJZRA,Raudfjorden,location_at_sea,79.76667,12.05
2454649,SJZSM,Smeerenburgfjorden,location_at_sea,79.683334,11.15
2454650,SJZHO,Hornsund,location_at_sea,76.96667,15.8
2454651,SJZVA,Vankeulenfjorden,location_at_sea,77.566666,15.333333
2454661,NOZZS,Sarnesfjorden Nord ankring,anchorage,70.97,25.746668
2454663,NOZKF,Kåfjorden ankring,anchorage,70.90013,25.73616
2454664,NOZSZ,Sarnesfjorden Sør ankring,anchorage,70.95167,25.771667
2454674,SJHOP,Hopen,harbour,76.583336,25.166668
2454675,SJBJO,Bjørnøya,location_at_sea,74.5,19.016666
2455757,NO888,Vortøya,location_at_sea,69.92072,20.700989
2455758,NONOR,Hamnnes,harbour,69.78837,20.560913
2455773,NOZRS,Byfjorden - Kristiansand,location_at_sea,58.123333,8.042333
2455785,NOAHM,Sibelco Nordic Åheim,port_facility,62.043755,5.520437
2455786,NOAGO,Coast Center Base,port_facility,60.411903,5.012397
2455787,NOAES,Sunde AS,port_facility,62.458332,6.351667
2455788,NOAES,Sevrin Tranvåg AS,port_facility,62.43833,6.280833
2455789,NOAES,Steinshamn Kai,port_facility,62.7865,6.4735
2455790,NOAES,NCC Industry Ålesund,port_facility,62.48567,6.395667
2455791,NOAES,Larsgården Terminal,port_facility,62.4785,6.258167
2455792,NOAES,Berg Lipid Tech,port_facility,62.429867,6.332922
2455793,NOAES,Brødrene Sperre AS,port_facility,62.49,6.3035
2455794,NOAES,Hessa Tankanlegg,port_facility,62.462166,6.128667
2455795,NOAES,Dyrøy Betong AS,port_facility,62.48573,6.384579
2455796,NOAES,Epax AS,port_facility,62.46417,6.121333
2455797,NOAES,Fjordlaks havneanlegg,port_facility,62.47241,6.13029
2455798,NOAES,Flatholmen,port_facility,62.479668,6.192
2455799,NOAES,FrigoCare Aalesund AS,port_facility,62.474445,6.343333
2455801,NOAES,Karsten Flem AS,port_facility,62.67954,6.239171
2455802,NOAES,Longvagruppen terminal,port_facility,62.478,6.226333
2455803,NOAES,MHService avd. Ålesund,port_facility,62.465668,6.120833
2455804,NOAES,Nils Sperre AS,port_facility,62.49167,6.308333
2455805,NOAES,P. Juls Sandvig AS,port_facility,62.47333,6.14
2455806,NOAES,Olav E. Fiskerstrand AS,port_facility,62.440166,6.249167
2455807,NOAES,"Prestebrygga og Storneskaia, Ålesund Cruiseterminal",port_facility,62.469166,6.152
2455808,NOAES,Kongsberg Maritime Brattvåg,port_facility,62.604824,6.448247
2455809,NOAES,Skansekaia,port_facility,62.475834,6.1525
2455810,NOAES,Skutvika,port_facility,62.468334,6.137167
2455811,NOAES,Spjelkavik kai,port_facility,62.4595,6.345667
2455812,NOAES,Sunnmøre Fiskeindustri AS,port_facility,62.4725,6.125
2455813,NOAES,Vard Søviknes,port_facility,62.549168,6.273333
2455814,NOAES,TripleNine Vedde AS,port_facility,62.436333,6.241333
2455815,NOAES,Veidekke Bingsa,port_facility,62.485,6.389667
2455816,NOAES,Verpingsvika kai,port_facility,62.479034,6.16579
2455817,NOAES,Pirkaia,port_facility,62.52667,6.138333
2455818,NOAES,Westcon terminal,port_facility,62.4745,6.356667
2455819,NOALF,Alta Felleskai,port_facility,69.96272,23.228756
2455820,NOALF,Alta havneanlegg,port_facility,69.98023,23.33443
2455821,NOALF,Alta Skiferterminal,port_facility,69.96066,23.219027
2455822,NOALF,Marinekaia,port_facility,69.97994,23.306238
2455823,,Lillebukta havneanlegg,port_facility,70.261665,22.61414
2455825,NOAAV,Elkem Bjølvefossen,port_facility,60.430843,6.424919
2455826,NOAND,Åndalsnes Havn,port_facility,62.568333,7.693333
2455828,NOAND,Søndre Kai,port_facility,62.55991,7.670086
2455830,NOADN,Andenes Havneterminal,port_facility,69.325836,16.134832
2455831,NOADY,Risøyhamn Kai,port_facility,68.9675,15.6405
2455832,NOARD,Hydro Årdal havneanlegg,port_facility,61.234104,7.709602
2455833,NOARE,Arendal Cruiseterminal,port_facility,58.4585,8.771333
2455834,NOARE,AT Logistikk Eydehavn havneanlegg,port_facility,58.50036,8.888118
2455835,NOARE,Eydehavn Havneanlegg,port_facility,58.495167,8.876333
2455836,NOARE,Eydehavn Yard,port_facility,58.499,8.885333
2455838,,"Sandvikodden, Hisøy",port_facility,58.433834,8.780667
2455840,NOAUK,Nyhamna Gas plant,port_facility,62.852165,6.952667
2455842,NOAUK,Vard Aukra,port_facility,62.817017,6.904094
2455845,NOBLL,Fornes Ballangen,port_facility,68.35017,16.891468
2455846,NOBLL,Hekkelstrand terminalen,port_facility,68.39917,16.831667
2455847,,Bergneset havn,port_facility,69.238106,19.360838
2455848,,"Forsvarets kai, Bergneset",port_facility,69.23769,19.354574
2455850,NOBAM,FramTre Logistikk Herre,port_facility,59.10533,9.5685
2455851,NOBAM,Ineos Bamble AS,port_facility,59.082333,9.626833
2455854,NOBAM,Rafnes Havneanlegg,port_facility,59.097168,9.597667
2455855,NOBAM,Ragn Sells Skjærkøya,port_facility,59.061,9.6385
2455856,NOBJF,Båtsfjord havneanlegg,port_facility,70.62954,29.723614
2455857,NOBGO,Lerøy Austevoll AS,port_facility,60.09204,5.223325
2455858,NOBGO,Bergen Engines AS,port_facility,60.52635,5.297413
2455859,NOBGO,Semco Maritime AS,port_facility,60.440563,5.100976
2455861,NOBGO,Energiparken Havneanlegg,port_facility,60.553085,4.884295
2455862,NOBGO,Dokken Havneanlegg,port_facility,60.39265,5.309894
2455863,NOBGO,"Felleskjøpet Agri SA, avd. Vaksdal",port_facility,60.47533,5.736965
2455864,NOBGO,Framo Flatøy AS,port_facility,60.535534,5.252881
2455866,NOBGO,"Franzefoss Gjenvinning AS, Eide",port_facility,60.38671,4.963538
2455867,NOBGO,GC Rieber Minerals Bergen,port_facility,60.392227,5.291158
2455868,NOBGO,Halfdan L. Solberg AS,port_facility,60.42007,5.298502
2455869,NOBGO,Horsøy Industrihavn,port_facility,60.433548,5.163366
2455870,NOBGO,Simonsviken havneanlegg,port_facility,60.393993,5.269901
2455873,NOBGO,Heidelberg materials Bergen indre havn,port_facility,60.385902,5.306625
2455874,NOBGO,LVN12,port_facility,60.39171,5.292248
2455876,NOBGO,Heidelberg Materials Prefab Norge,port_facility,60.551643,4.987609
2455877,NOBGO,Endur Maritime,port_facility,60.38925,5.29699
2455878,NOBGO,Omya Hustadmarmor Knarrevik havneanlegg,port_facility,60.37198,5.161321
2455879,NOBGO,DC Eikefet Aggregates AS,port_facility,60.700634,5.554365
2455880,NOBGO,RadøyGruppen AS,port_facility,60.587482,5.181453
2455881,NOBGO,"Saltimport AS, Sandviken",port_facility,60.41487,5.316714
2455882,NOBGO,Hegreneset havneanlegg,port_facility,60.415913,5.304156
2455883,NOBGO,Skaganeset havneanlegg,port_facility,60.26992,5.106334
2455884,NOBGO,Esso Skålevik terminal,port_facility,60.395153,5.232603
2455885,NOBGO,Skolten Havneanlegg,port_facility,60.401424,5.309374
2455886,NOBGO,SLP bergen,port_facility,60.396667,5.20352
2455887,NOBGO,"Sotra Gruppen AS, Vindenes",port_facility,60.422565,5.002797
2455888,NOBGO,Straume Næringspark,port_facility,60.342464,5.12769
2455889,NOBVG,Berlevåg hurtigrutekai,port_facility,70.857834,29.114
2455890,NOBOO,ST1 Bodø Tankanlegg,port_facility,67.289665,14.381167
2455891,NOBOO,Pelagia Bodø Sildoljefabrikk AS,port_facility,67.28964,14.377476
2455892,NOBOO,Bodøterminalen,port_facility,67.290665,14.397833
2455893,NOBOO,Nordasfalt AS - Vikan,port_facility,67.30133,14.704333
2455894,NOBOO,Byterminalen,port_facility,67.28467,14.376167
2455895,NOBOO,Nordland Betong havneanlegg,port_facility,67.2725,14.3445
2455896,NOBOO,Valenterminalen,port_facility,67.294334,14.387833
2455898,NOBNN,Brønnøy Kalk Remman,port_facility,65.3645,12.4775
2455899,NOBNN,Midthavna,port_facility,65.47583,12.211167
2455900,NOBNN,Gårdsøya,port_facility,65.492836,12.222833
2455901,NOBUV,Hammerstrand,port_facility,63.3125,10.163333
2455903,NODRM,Drammen Yard Havneterminal,port_facility,59.731,10.241
2455904,NODRM,Holmen Terminal,port_facility,59.7355,10.223
2455906,NODRM,Norsk Gjenvinning Metall,port_facility,59.727,10.254167
2455907,NODRM,Tangen Terminal,port_facility,59.7315,10.225167
2455909,NOEDE,Visnes Kalk AS,port_facility,62.9575,7.403889
2455910,NOEDF,Eidfjord Cruise Havn,port_facility,60.46837,7.06632
2455911,NOEGD,Aker Solutions AS avd. Egersund,port_facility,58.426487,5.985547
2455912,NOEGD,"H E Seglem depot, Solkroa tankanlegg",port_facility,58.44429,5.990224
2455913,NOEGD,Pelagia Egersund Sildoljefabrikk,port_facility,58.450897,5.992638
2455914,NOEGD,Prima Seafood Egersund,port_facility,58.452427,5.996639
2455916,NOEGD,Kaupanes havneanlegg,port_facility,58.441402,5.984283
2455917,NOEGD,Norwegian Edelsplitt AS - Hellvik,port_facility,58.477215,5.876885
2455918,NOEGD,Norwegian Edelsplitt AS - Maurholen,port_facility,58.46726,5.921302
2455919,NOEGD,"Pelagia AS avd. 450, Ryttervik",port_facility,58.43708,5.989783
2455921,NOEKF,PEAB Eikefet,port_facility,60.70097,5.550329
2455923,NOELN,Omya Hustadmarmor AS,port_facility,62.85,7.116667
2455925,NOETN,Tongane Kai,port_facility,59.669685,5.928783
2455926,NOFAN,Alcoa Lista,port_facility,58.08267,6.799667
2455927,NOFAN,Lundevågen Havneterminal,port_facility,58.08094,6.78209
2455931,NOFNE,Finnfjord havneanlegg,port_facility,69.222855,18.079521
2455932,NOFNE,Finnsnes Havn,port_facility,69.229,17.9715
2455934,NOFNE,Husøy havneanlegg,port_facility,69.54359,17.665405
2455935,NOFNE,Kårvikhamn havneanlegg,port_facility,69.39733,18.154692
2455936,NOFJA,Lutelandet industrihamn,port_facility,61.24452,4.97608
2455937,NOFLA,Flåm Cruisehamn,port_facility,60.86413,7.119501
2455938,NOFLA,Gudvangen Steinkai,port_facility,60.882385,6.841206
2455939,NOFLA,Vik cruisehamn,port_facility,61.089455,6.584588
2455940,NOFFD,Abelnes Havneanlegg,port_facility,58.239,6.657
2455941,NOFFD,Eschebrygga,port_facility,58.2945,6.657333
2455942,NOFFD,Parat AS,port_facility,58.291332,6.650833
2455943,NOFFD,Svege Industripark AS,port_facility,58.2845,6.653
2455944,NOFRO,"EWOS AS, Florø",port_facility,61.584335,5.000692
2455946,NOFRO,Fjord Base AS,port_facility,61.612553,5.070337
2455947,NOFRO,Fugleskjærskaia,port_facility,61.60179,5.02295
2455948,NOFRO,Gunhildvågen havneanlegg,port_facility,61.585884,4.995794
2455949,NOFRO,Pelagia AS avd. Selje,port_facility,62.025314,5.370681
2455950,NOFRO,DC Seljestokken Aggregates AS,port_facility,61.66805,4.974559
2455951,NOFRO,Westcon Yards AS - Florø,port_facility,61.603634,5.053833
2455952,NOFDE,Moldegaard Maritime Logistics AS avd. Førde forsyningsanlegg,port_facility,61.480484,5.808792
2455953,NOFDE,Førde Bitumen Depot,port_facility,61.462177,5.811068
2455954,NOFRE,Harøysundet Terminal,port_facility,62.87798,6.948584
2455956,NOFRK,Øra Havneanlegg,port_facility,59.184555,10.958306
2455957,NOFRK,Esso Norge AS Fredrikstad Lager,port_facility,59.240334,10.999333
2455958,NOFRK,Hafslund Havneanlegg,port_facility,59.267666,11.089167
2455959,NOFRK,Jotne Havneterminal,port_facility,59.211334,10.915667
2455965,NOFRK,Tollbodkaia Havneanlegg,port_facility,59.2055,10.950333
2455966,NOFRK,Unger Fabrikker AS,port_facility,59.21683,10.968
2455967,NOFRK,Weber Borge,port_facility,59.254253,11.020164
2455969,NOFUS,Framo Fusa AS,port_facility,60.20372,5.599328
2455970,NOGNR,Geiranger Cruiseterminal,port_facility,62.1025,7.204
2455971,NOGIL,Elkem Mårnes,port_facility,67.13883,14.134833
2455972,,YARA Glomfjord,port_facility,66.8095,13.937167
2455973,NOGRV,Moelven Granvin Bruk AS,port_facility,60.52095,6.71607
2455974,NOGTD,Grimstad Trafikkhavn,port_facility,58.336666,8.596167
2455975,NOGTD,Vikkilen Yard,port_facility,58.360832,8.612
2455977,NOGUL,DC Halsvik Aggregates AS,port_facility,60.85019,5.070027
2455980,NOGUL,Skipavika havneanlegg,port_facility,60.855167,5.034833
2455982,NOHAL,Bakke Utskipningshavn,port_facility,59.0205,11.442667
2455983,NOHAL,Nexans Norway AS,port_facility,59.116165,11.329833
2455984,NOHAL,Norske Skog Saugbrugs,port_facility,59.117,11.377
2455985,NOHAL,Mølen Havneanlegg,port_facility,59.11767,11.372
2455986,NOHAL,Østfoldkorn SA,port_facility,59.11717,11.381333
2455987,NOHFT,Bølgebryterkaia,port_facility,70.66937,23.671852
2455988,NOHFT,"Sentrumskaien, kai 1, 2 og 3",port_facility,70.66417,23.6825
2455989,,NorSea Polarbase,port_facility,70.636,23.663334
2455990,NOHFT,Fuglenes havneanlegg,port_facility,70.66817,23.664833
2455992,NOHBT,Hamnbukt Tankanlegg,port_facility,70.08953,25.077566
2455994,NOHRI,Hareid Godsterminal,port_facility,62.375,6.033333
2455995,NOHRI,Pelagia AS avd. Liavåg,port_facility,62.351692,6.083146
2455998,NOHRD,Larsnes havneanlegg,port_facility,68.79869,16.548
2455999,NOHRD,GC Rieber Minerals Harstad,port_facility,68.79512,16.55779
2456000,NOHRD,Stangnes kai 1,port_facility,68.78329,16.5929
2456001,NOHRD,Stangnes Kai 2 og 3,port_facility,68.78167,16.598
2456002,NOHRD,Circle K Gangsås havneanlegg,port_facility,68.79698,16.566195
2456003,NOHRD,Rødskjær kai,port_facility,68.57667,16.528334
2456005,NOHAV,Hurtigrutekaien Havøysund,port_facility,70.994835,24.689
2456006,NOHSY,Hellesylt Cruisekai,port_facility,62.086666,6.875
2456007,NOHEY,Herøyterminalen,port_facility,62.3365,5.728
2456008,NOHEY,Fosnavåg næringspark hamneanlegg,port_facility,62.321392,5.671782
2456009,NOHES,Hestvika Havneterminal,port_facility,63.565,9.201667
2456010,NOHOL,"Felleskjøpet Agri SA, Holmestrand",port_facility,59.47867,10.332167
2456011,NOHOL,Holmestrand havneanlegg,port_facility,59.490833,10.323833
2456012,NOHVG,Cape Fish havneanlegg,port_facility,70.992,25.966333
2456013,NOHVG,Honningsvåg Kai 2 og 3,port_facility,70.98217,25.965668
2456014,NOHVG,Honningsvåg Kai Syd,port_facility,70.98119,25.967817
2456016,NOHVG,Honningsvåg Tendringskai,port_facility,70.98134,25.97266
2456019,NOHVG,North Capelin Honningsvåg,port_facility,70.99567,25.959667
2456020,NOHVG,Skarsvåg Cruisehavn,port_facility,71.113335,25.831667
2456021,NOHOR,Horten Industripark,port_facility,59.4275,10.480667
2456022,NOHOR,Horten havn godsterminal,port_facility,59.4135,10.494
2456023,NOHYR,Hydro Høyanger,port_facility,61.217575,6.066873
2456024,NOHUR,Engene Terminal,port_facility,59.683834,10.541667
2456025,NOHUR,Statkraft Tofte AS,port_facility,59.545334,10.568333
2456027,NOHUS,Hydro Husnes Havneanlegg,port_facility,59.875458,5.767756
2456028,NOHVA,Skjærhalden Havneanlegg,port_facility,59.024334,11.037333
2456029,NOHYL,Havyard Leirvik AS,port_facility,61.124332,5.3295
2456030,NOHYL,Veidekke Industri AS - Listraumen,port_facility,61.13983,5.2
2456032,NOJSS,Titania Jøssingfjord,port_facility,58.32441,6.351926
2456034,NOKAY,Hansnes havneanlegg,port_facility,69.96017,19.620667
2456035,NOKAY,Vannavalen Havneanlegg,port_facility,70.12867,19.978262
2456036,NOKAS,Aibel AS,port_facility,59.407455,5.263191
2456038,NOKAS,"St1 Norge AS, Lillesund terminal",port_facility,59.404324,5.255717
2456039,NOKAS,"Haugesund Fishery Port, Husøy",port_facility,59.335876,5.29936
2456040,,Bømlo Skipsservice AS,port_facility,59.61067,5.242878
2456041,NOKAS,Roquette Norway Vormedal,port_facility,59.354584,5.317484
2456042,NOKAS,"Garpeskjær Havneanlegg, inkl Haugesund Indre Kai",port_facility,59.4112,5.256723
2456043,NOKAS,GMC Marine Partner Gismarvik,port_facility,59.32267,5.389333
2456044,NOKAS,Hydro Haavik,port_facility,59.312546,5.324626
2456045,NOKAS,"Haugesund Cargo Terminal, Husøy",port_facility,59.339077,5.305916
2456046,NOKAS,Karmsund Servicebase AS,port_facility,59.382874,5.287703
2456047,NOKAS,Equinor Kårstø,port_facility,59.27069,5.489052
2456048,NOKAS,Killingøy Subsea and Offshorebase,port_facility,59.42254,5.247508
2456050,NOKAS,Peab Asfalt Norge AS avd. Karmøy,port_facility,59.380222,5.290253
2456051,NOKAS,Lorentz Storesund og sønner AS (Statoil bunkers),port_facility,59.395973,5.271274
2456052,NOKAS,Schlumberger Norge AS,port_facility,59.400234,5.263357
2456053,NOKAS,Heidelberg Materials Karmøy Silostasjon,port_facility,59.372643,5.295171
2456054,NOKAS,Norscrap Karmøy AS,port_facility,59.298527,5.230936
2456055,NOKAS,Stena Recycling AS Karmøy,port_facility,59.36789,5.292041
2456056,NOKAS,Heidelberg Materials Bøneset,port_facility,59.369534,5.293667
2456057,NOKAS,Ølen Betong AS - Mølstrevåg,port_facility,59.5225,5.258167
2456059,NOKAS,Skude Fryseri AS,port_facility,59.14612,5.267439
2456060,NOKAS,Husøy Terminalen AS,port_facility,59.337994,5.28674
2456061,NOKAS,Solstad Offshore Base Husøy,port_facility,59.3385,5.2965
2456063,NOKAS,Storesund Marine Service AS,port_facility,59.397053,5.26889
2456064,NOKAS,Storøy havneanlegg,port_facility,59.4118,5.234767
2456065,NOKAS,Vico AS,port_facility,59.3623,5.282348
2456066,NOKAS,Rubbestadneset industripark,port_facility,59.820164,5.266137
2456067,NOKAS,Westcon Yards AS - Karmsund,port_facility,59.33267,5.29
2456068,NOKKN,Dypvannskaia,port_facility,69.729034,30.063663
2456069,NOKKN,Kirkenes havneanlegg,port_facility,69.72901,30.07345
2456070,NOKKN,Industrikaia,port_facility,69.729164,30.076332
2456072,NOKKN,Tschudi Bulk Terminals,port_facility,69.72627,30.026253
2456073,NOKJF,Kjøllefjord havneanlegg,port_facility,70.949165,27.336666
2456074,NOKJK,Heidelberg Materials Kjøpsvik Sementfabrikk,port_facility,68.093666,16.376167
2456075,NOKON,Equinor Kollsnes havneanlegg,port_facility,60.55754,4.826123
2456077,NOKRA,Jernbanekaia,port_facility,58.86933,9.416333
2456078,NOKRA,NCC Roads Valberg,port_facility,58.881,9.422667
2456079,NOKRA,Strand Havneterminal,port_facility,58.893833,9.370333
2456080,NOKRS,Andøya Industripark,port_facility,58.114834,7.9705
2456081,NOKRS,Elkem Fiskaa,port_facility,58.12583,7.972833
2456082,NOKRS,Glencore Nikkelverk AS,port_facility,58.13717,7.975
2456083,NOKRS,Kolsdalsodden Tankanlegg,port_facility,58.14,7.977333
2456084,NOKRS,Kongsgård havneanlegg,port_facility,58.156834,8.035333
2456085,NOKRS,Korsvik,port_facility,58.13551,8.068123
2456086,NOKRS,Kristiansand Containerterminal,port_facility,58.1405,7.991333
2456087,NOKRS,Kristiansand Fergeterminal,port_facility,58.143333,7.986333
2456089,NOKRS,Odderøya Havneanlegg,port_facility,58.133667,7.998667
2456091,NOKRS,Vige kai,port_facility,58.162834,8.043167
2456093,NOKSU,Arnvikneset havneanlegg,port_facility,63.009666,7.9725
2456094,NOKSU,Averøy Industripark,port_facility,63.0755,7.666667
2456096,NOKSU,Dale Industripark havneanlegg,port_facility,63.120667,7.773167
2456097,NOKSU,Devoldholmen havneanlegg,port_facility,63.114166,7.7375
2456098,NOKSU,Fiskeribasen havneanlegg,port_facility,63.121,7.761667
2456099,NOKSU,GC Rieber VivoMega AS,port_facility,63.11883,7.758
2456101,NOKSU,Høgset Terminalen AS,port_facility,62.96942,7.732606
2456102,NOKSU,Surnadal Industrikai,port_facility,62.986332,8.649167
2456103,NOKSU,Kristiansund Base AS,port_facility,63.057266,7.671521
2456105,,Dale tankanlegg,port_facility,63.121075,7.775062
2456107,NOKSU,Skretting Averøy,port_facility,63.056557,7.657912
2456108,NOKSU,Storkaia,port_facility,63.110332,7.733833
2456109,NOKSU,Sub Sea Base Kristiansund,port_facility,63.090504,7.782212
2456110,NOKSU,Veidekke Industrier,port_facility,63.091667,7.770833
2456111,NOKSU,NorSea Logistics Vestbase,port_facility,63.10367,7.781167
2456112,NOKSU,Vikan Smøla,port_facility,63.3765,8.201667
2456113,NOKVS,Repparfjord Eiendom AS Havneanlegg,port_facility,70.454666,24.282
2456114,NOKVD,Eramet Norway Kvinesdal AS,port_facility,58.275,6.886667
2456115,NOKVD,Kleven Kai,port_facility,58.2775,6.883
2456116,NOKVH,Rosendal Cruisehavn,port_facility,59.987556,6.003341
2456117,NOKVH,Halsnøy dokk AS,port_facility,59.79189,5.79408
2456118,NOKVH,Herde Kompositt havneanlegg,port_facility,60.012848,5.819051
2456119,NOLAR,Color Line Larvikterminalen,port_facility,59.04117,10.0435
2456120,NOLAR,Kanalen Havneanlegg,port_facility,59.042168,10.046833
2456122,NOLAR,Revet Havneterminal,port_facility,59.038834,10.040333
2456123,NOLAR,Svartebukt,port_facility,59.017666,9.8415
2456124,NOLRI,Eldøyane djupvasskai,quay,59.7555,5.493167
2456125,NOLRI,Aker Solutions Stord Havneanlegg AS,port_facility,59.76295,5.493542
2456126,NOLRI,Leirvik Nattrutekai havneanlegg,port_facility,59.7815,5.503833
2456128,NOLRI,Norsea Logistics Stordbase,port_facility,59.75403,5.483471
2456130,NOLEV,Norske Skog Skogn AS,port_facility,63.716667,11.155
2456131,NOLIE,Hellik Teigen AS,port_facility,59.744,10.241333
2456133,NOLIL,Lillesand Havneanlegg - Dypvannskaia,port_facility,58.24699,8.383366
2456134,NOLIL,Fossbekk-kaia,port_facility,58.239834,8.376167
2456136,NOLDS,Båly havneterminal,port_facility,58.039833,7.152833
2456137,NOLOD,Swerock Lødingen,port_facility,68.34188,15.431373
2456138,NOLOD,Rødholmen havneanlegg,port_facility,68.41763,15.999488
2456139,NOLND,Hausvik Havneanlegg,port_facility,58.0505,6.986333
2456140,NOLND,Holmsundet Havneanlegg,port_facility,58.116333,7.0445
2456141,NOLYN,Lyngen Cruisehavn,port_facility,69.57733,20.224833
2456142,NOMAY,Båtbygg AS,port_facility,61.97054,5.14181
2456143,NOMAY,Brødrene Tennebø ANS,port_facility,61.941593,5.126559
2456144,NOMAY,Domstein Fish AS,port_facility,61.981346,5.136267
2456145,NOMAY,Fiskerikai,port_facility,61.930225,5.118246
2456146,NOMAY,"Skramskaien, ICT Nord og Syd",port_facility,61.939,5.122037
2456147,NOMAY,MHSERVICE AS,port_facility,61.93104,5.126434
2456148,NOMAY,Måløy Seafood,port_facility,61.930485,5.114197
2456149,NOMAY,Pelagia Måløy Sildoljefabrikk,port_facility,61.93421,5.134897
2456152,NOMAY,Olden Cruiseterminal,port_facility,61.843338,6.810338
2456156,NOMAK,AS Djupvasskaia,port_facility,63.41432,10.783363
2456157,NOMAK,Stena terminal Hommelvik,port_facility,63.415833,10.782667
2456158,NOMAK,Muruvik Havneterminal,port_facility,63.43754,10.835351
2456159,NOMAN,Gismerøya Havneanlegg,port_facility,58.017666,7.482
2456160,NOMAN,Sodevika Tankanlegg,port_facility,58.008167,7.4995
2456161,NOMEH,"Industrikaia, Mehamn",port_facility,71.03591,27.846666
2456162,NOMEH,Nordkynterminalen,port_facility,71.040665,27.844833
2456163,NOMEL,Melbu Fryselager,port_facility,68.49783,14.801667
2456164,NOMLK,Hammerfest LNG havn (Melkøya),port_facility,70.684166,23.598333
2456165,NOMEY,Ørnes Dampskipskai,port_facility,66.86916,13.7035
2456166,NOMEY,EWOS Halsa,port_facility,66.745,13.499333
2456168,NOMID,Stormyra Industrikai,port_facility,62.691833,6.667333
2456169,NOMQN,Bulkterminalen,port_facility,66.32553,14.136446
2456170,NOMQN,Rana Gruber,port_facility,66.32667,14.141667
2456171,NOMQN,Rana Industriterminal AS,port_facility,66.306,14.12
2456172,NOMQN,Toranesterminalen,port_facility,66.31683,14.13
2456173,NOMQN,Uno-X havneterminal,port_facility,66.27417,14.0355
2456174,NOMOL,Malo tømmerkai,port_facility,62.687992,7.506446
2456175,NOMOL,Molde havneterminal,port_facility,62.735832,7.186667
2456176,NOMOL,Storkaia (Molde),port_facility,62.733334,7.155
2456177,NOMOL,Hjelsetkaien,port_facility,62.7685,7.442
2456178,NOMON,Mongstad Forsyningsbase,port_facility,60.794827,5.068812
2456179,NOMON,Equinor Mongstad,port_facility,60.818695,5.031724
2456180,NOFNN,Teinevik terminalen,port_facility,60.80921,4.97358
2456181,NOMJF,Mosjøen havneanlegg,port_facility,65.85033,13.190411
2456182,NOMJF,Holandsvika Havneterminal,port_facility,65.93003,13.13094
2456187,NOMSK,Reine Ytre Havn,port_facility,67.936,13.100333
2456188,NOMSS,One Subsea Moss,port_facility,59.43883,10.6465
2456189,NOMSS,"Dynea ASA, Kambo Terminal",port_facility,59.4775,10.685333
2456190,NOMSS,"Felleskjøpet Agri, avd. Kambo",port_facility,59.472,10.680167
2456192,,Lantmannen Cerealia Moss,port_facility,59.4385,10.659667
2456193,NOMSS,Moss Havneterminal,port_facility,59.427666,10.657167
2456195,,Løvmo kai,port_facility,64.74344,11.322317
2456196,NONRY,Ottersøy havneanlegg,port_facility,64.85835,11.27985
2456197,NONRY,Norkalsitt AS,port_facility,64.80532,11.711927
2456198,NONDE,Namsen Drivstoffanlegg,port_facility,64.49347,11.169849
2456199,NOOSY,Namsos Havneanlegg,port_facility,64.459335,11.500667
2456200,NOOSY,Moelven Van Severen AS Namsos,port_facility,64.459915,11.50694
2456202,NONVK,Narvik Central Harbour,port_facility,68.42833,17.4225
2456203,NONVK,Forsvarets Terminal Bjerkvik,port_facility,68.53233,17.566168
2456205,NONVK,Narvik Havneterminal Fagernes,port_facility,68.415,17.423834
2456206,NONVK,LKAB Narvik,port_facility,68.43083,17.391167
2456208,,Westcon Helgeland,port_facility,66.2735,13.1765
2456209,NONSN,NesnaTerminalen AS,port_facility,66.200165,13.008
2456210,NONEO,Fagerstrand Tankanlegg,port_facility,59.738167,10.583833
2456212,NONTY,Wilhelmsen Chemicals Kjøpmannskjær,port_facility,59.1715,10.385167
2456213,NOODD,Boliden Odda AS,port_facility,60.08621,6.536898
2456215,NOODD,Odda Cruisehavn,port_facility,60.070705,6.546735
2456216,NOODD,Ineos Tyssedal,port_facility,60.11773,6.553507
2456217,,"Ulvik Cruisehavn, Brakanes",port_facility,60.56716,6.916467
2456218,NOOKF,Øksfjord havneanlegg,port_facility,70.23771,22.349335
2456219,NOOLN,AF Miljøbase Vats,port_facility,59.44094,5.747105
2456220,NOOLN,Ølen Betong AS - Ølensvåg,port_facility,59.604225,5.759712
2456221,NOOLN,Westcon Yards Ølensvåg,port_facility,59.6055,5.7674
2456222,NOORK,Orkanger kai 2-4,port_facility,63.319168,9.848333
2456223,NOOLA,Uthaug Havn,port_facility,63.729095,9.592567
2456224,NOOLA,Grøntvedt Pelagic havneanlegg,port_facility,63.729065,9.592635
2456225,NOORS,Ørstaterminalen,port_facility,62.189655,6.094305
2456226,NOORS,Vartdal Fryseri,port_facility,62.30188,6.08222
2456227,NOOSN,Nord-Fosen Pukkverk,port_facility,64.34033,10.502167
2456228,NOOSL,Filipstad Havneanlegg,port_facility,59.907,10.714833
2456229,NOOSL,Grønlia,port_facility,59.897667,10.753
2456230,NOOSL,Hjortnes havneanlegg,port_facility,59.908833,10.708667
2456231,NOOSL,Kneppeskjærutstikkeren,port_facility,59.884335,10.7635
2456233,NOOSL,Søndre Bekkelagskai,port_facility,59.885666,10.764167
2456234,NOOSL,Kongshavn,port_facility,59.892,10.758167
2456235,NOOSL,Ormsund Havneterminal,port_facility,59.882168,10.7655
2456236,NOOSL,Revierkaia,port_facility,59.905834,10.746333
2456237,NOOSL,Sjursøya Nord,port_facility,59.889,10.752667
2456238,NOOSL,Sjursøya Oljehavn,port_facility,59.885666,10.759167
2456239,NOOSL,Sjursøya Syd Containerterminal,port_facility,59.886833,10.755667
2456241,NOOSL,Utstikker II,port_facility,59.902332,10.743167
2456243,NOOSL,Utstikker III,port_facility,59.90167,10.741333
2456244,NOOSL,Vippetangen & Søndre Akershus,port_facility,59.90433,10.737667
2456246,NOPOR,Herøya Vest,port_facility,59.128166,9.620833
2456247,,Herøya Industripark,port_facility,59.117,9.622167
2456249,NOPOR,Heidelberg Materials Brevik,port_facility,59.062332,9.694167
2456250,NOPOR,"North Sea Terminal, Brevik",port_facility,59.066235,9.699317
2456252,,Olavsvern Havneanlegg,port_facility,69.531334,19.020117
2456253,NOREE,NOAH Langøya,port_facility,59.4915,10.381
2456255,NOREK,Rekefjord Stone,port_facility,58.328434,6.262764
2456256,NORVK,Rørvik havneterminal,port_facility,64.85983,11.238107
2456257,NORYG,Larkollen kaianlegg,port_facility,59.337,10.658333
2456258,NOSDL,Rognan Industrikai,port_facility,67.10733,15.389667
2456259,NOSDN,Sandane Cruisehavn,port_facility,61.777668,6.212667
2456260,NOSAD,Framnes Havneterminal,port_facility,59.118,10.227333
2456262,NOSAD,Jahrestranda Havneanlegg,port_facility,59.107166,10.234333
2456263,NOSAD,BASF,port_facility,59.109333,10.232167
2456264,NOSAD,Sandefjord Fergeterminal,port_facility,59.126,10.227667
2456265,NOSAD,Thorøya Havneanlegg,port_facility,59.10267,10.2295
2456268,NOSAS,Sandnes havneanlegg,port_facility,58.87,5.746667
2456269,NOSSJ,Aqua Rock Quarry Strendene,port_facility,66.0045,12.649333
2456270,NOSSJ,Coastbase Nordland,port_facility,66.008,12.657333
2456271,NOSSJ,Helgeland Logistikksenter,port_facility,66.02483,12.666833
2456272,NOSSJ,Minol Holmen,port_facility,66.02333,12.626
2456273,NOSSJ,Terminal Sandnessjøen,port_facility,66.025,12.64
2456275,NOSSJ,Terminal Vågen,port_facility,66.021164,12.644333
2456276,NOSPG,Alvim Havneanlegg,port_facility,59.268166,11.079833
2456277,NOSPG,Borregaard AS Melløs,port_facility,59.26967,11.100667
2456278,NOSPG,Greåker Kai,port_facility,59.26217,11.035333
2456280,NOSAU,Eramet havneterminal,port_facility,59.645767,6.355635
2456281,NOSAU,Sauda Havneanlegg,port_facility,59.640816,6.318707
2456282,NOSJE,Selje Cruisehavn,port_facility,62.044613,5.344427
2456284,NOSJH,Nergårdterminalen,port_facility,69.49467,17.4875
2456285,NOSRV,Sirevåg Nord,port_facility,58.505383,5.790457
2456286,NOSRV,Sirevåg Syd,port_facility,58.504726,5.787535
2456287,NOSAA,Berg Industrikai,port_facility,69.441,17.328
2456288,NOSKL,Weber Leca Tovik,port_facility,68.68996,16.840122
2456289,NOSKE,Menstad Industri AS,port_facility,59.169834,9.6415
2456290,NOSKE,Norgesmøllene AS,port_facility,59.187,9.625
2456292,NOSKE,Skien havneterminal,port_facility,59.1225,9.564667
2456293,NOSKE,Stena Recycling AS avd. Skien,port_facility,59.120167,9.570667
2456294,NOSKY,Skjervøy havneanlegg,port_facility,70.035,20.9835
2456295,NOSLN,Skjolden Cruisekai,port_facility,61.481667,7.591667
2456296,NOSKO,Allskog Tømmerterminal Håhjem,port_facility,62.484398,6.695311
2456298,NOSNE,Høllen kai,port_facility,58.073666,7.797333
2456299,NOSLA,St1 Tananger Terminal,port_facility,58.92792,5.6006
2456300,NOSLA,NorSea Tananger,port_facility,58.928337,5.588702
2456301,NOSLA,Offshore Terminal Risavika,port_facility,58.923782,5.601307
2456302,NOSMN,Berg havn,port_facility,65.371956,12.193277
2456303,NOSOF,Elkem Salten,port_facility,67.36533,15.586
2456304,NOSOF,Hammerfall Dolomitt,port_facility,67.39484,15.542333
2456306,NOSRA,Gottesjord havneanlegg,port_facility,69.157,18.123667
2456307,NOSRA,Øyjordnes havneanlegg,port_facility,69.15659,18.145222
2456308,NOSLX,Husvik havneanlegg,port_facility,68.633,15.566833
2456309,NOSLX,Sortland terminalkai,port_facility,68.69836,15.419757
2456310,NOSUZ,Stamsund Havn,port_facility,68.120834,13.84
2456312,NOSVG,Felleskjøpet Rogaland Agder,port_facility,58.944492,5.754706
2456313,NOSVG,"Fiskå Mølle, Forus",port_facility,58.888294,5.75058
2456314,NOSVG,Forsand Sandkompani,port_facility,58.8978,6.091615
2456317,NOSVG,GMC Yard - Buøy,port_facility,58.98398,5.727015
2456318,NOSVG,Velde Produksjon AS avd. Forus,port_facility,58.89811,5.751042
2456320,NOSVG,Deepwater and Offshore Terminal - Mekjarvik,port_facility,59.022503,5.619363
2456321,NOSVG,BMI Produksjon Norge Avd. årdal,port_facility,59.144947,6.167947
2456322,NOSVG,NCC Industry AS - Helle,port_facility,58.861668,6.147167
2456323,NOSVG,"Felleskjøpet Agri, avd. Stavanger Havnesilo",port_facility,58.972767,5.755396
2456324,NOSVG,NorSea Dusavik,port_facility,58.99906,5.663449
2456325,NOSVG,Mibau Stema Jelsa,port_facility,59.373333,6.045
2456326,NOSVG,Heidelberg Materials Årdal,port_facility,59.146667,6.166667
2456327,NOSVG,Mibau Stema AS avd. Dirdal,port_facility,58.83852,6.16773
2456328,NOSVG,Randaberg Industries AS,port_facility,59.014477,5.638778
2456329,NOSVG,Westport Stavanger,port_facility,58.919456,5.586518
2456330,NOSVG,Rosenberg Worley AS,port_facility,58.984688,5.720122
2456331,NOSVG,Simon Møkster Shipping AS,port_facility,58.99401,5.69267
2456332,NOSVG,Risavika LNG terminal,port_facility,58.92469,5.576667
2456333,NOSVG,Skretting Stavanger,port_facility,58.942764,5.753889
2456335,NOSVG,Stena Recycling Stavanger,port_facility,59.0239,5.616167
2456336,NOSVG,Cruise & Waiting terminal Stavanger,port_facility,58.974716,5.72556
2456337,NOSVG,Tømmerodden,port_facility,58.990665,5.723191
2456338,NOSVG,Uno-X Forsyning avd. Stavanger,port_facility,58.9653,5.76916
2456339,NOSVG,Ferry Terminal Risavika,port_facility,58.921,5.583333
2456340,NOSTE,Follafoss havneanlegg,port_facility,63.981335,11.1
2456342,NOSTE,Steinkjer Havn Sørsia,port_facility,64.01228,11.484149
2456343,NOSTE,Steinkjer tankanlegg - Bogen,port_facility,64.012,11.466667
2456344,NOSTJ,Stjørdal havneanlegg,port_facility,63.46666,10.884618
2456345,NOSTK,Melsomvik Kornsilo,port_facility,59.212334,10.342667
2456346,NOSKN,Nordnesterminalen,port_facility,68.57083,14.912
2456347,NOSKN,Skretting Stokmarknes,port_facility,68.575,14.947333
2456348,NOSTU,"Stureterminalen, Øygarden",port_facility,60.623333,4.859207
2456349,NOSUN,Hammarkaia havneanlegg,port_facility,62.676666,8.520333
2456350,NOSUN,Hydro Sunndal Metallverk,port_facility,62.683334,8.558333
2456351,NOSVE,Bremanger Quarry AS,port_facility,61.771782,5.160804
2456352,NOSVE,Elkem Bremanger Smelteverk,port_facility,61.773483,5.29387
2456353,NOSVE,Kalvåg havneanlegg,port_facility,61.76563,4.882624
2456354,NOSVV,Juve Pukkverk AS,port_facility,59.63983,10.3965
2456355,NOSVV,Norgips Norge AS,port_facility,59.6915,10.324167
2456356,NOSVJ,Svolvær harbour East (HAVN),port_facility,68.230835,14.5665
2456357,NOSVJ,Svolvær Havn Vest,port_facility,68.234665,14.543833
2456358,NOSVJ,Svolvær industrikai øst,port_facility,68.229,14.5615
2456359,NOSYK,Ekornes Sykkylven havneanlegg,port_facility,62.38635,6.558316
2456360,NOTAA,Elkem Tana,port_facility,70.47144,28.485832
2456361,NOTAE,ConocoPhillips Tananger,port_facility,58.928955,5.596836
2456362,NOTAU,"Fiskå Mølle, Fiskå",port_facility,59.11654,6.001815
2456363,NOTAU,Nordmarka havneanlegg,port_facility,59.091743,5.909227
2456364,NOTAU,Mibau Stema Norge avd. Tau,port_facility,59.088795,5.903997
2456365,NOTAU,Vestkorn Milling AS,port_facility,59.063564,5.912203
2456366,NOTHA,Elkem Thamshavn,port_facility,63.32083,9.878333
2456367,NOTBO,Tjeldbergodden havneanlegg,port_facility,63.41454,8.691674
2456369,NOTON,Kanalen Havneterminal,port_facility,59.259724,10.422372
2456371,NOTON,Slagen Marine Terminal,port_facility,59.3265,10.5145
2456372,NOTRA,Galtneset havneanlegg,port_facility,66.502335,12.102333
2456373,NOTOS,Bunker Oil havneanlegg,port_facility,69.65467,18.970167
2456374,NOTOS,Fornes havneanlegg,port_facility,69.59771,19.895103
2456375,NOTOS,Hjellnes havneanlegg,port_facility,69.60833,19.737333
2456376,NOTOS,Kaldfjord havneanlegg,port_facility,69.68767,18.732
2456378,NOTOS,Sommarøy havneanlegg,port_facility,69.63474,18.000242
2456379,NOTOS,Tromsø Bunkerdepot,port_facility,69.65884,18.9725
2456380,NOTOS,Breivika havneanlegg,port_facility,69.677666,18.986334
2456381,NOTOS,Pelagia Tromsø,port_facility,69.6285,18.948833
2456382,NOTOS,Nor Lines havneanlegg,port_facility,69.704,19.020332
2456383,NOTOS,Prostneset havneanlegg,port_facility,69.64716,18.961166
2456384,NOTOS,St1 Skjelnan Depot,port_facility,69.697845,19.075268
2456385,NOTOS,Tromsø Fiskeindustri AS,port_facility,69.671165,18.976
2456386,NOTOS,Troms fryseterminal AS,port_facility,69.62683,18.945
2456388,NOTRD,Esso Høvringen lager,port_facility,63.443928,10.345817
2456389,NOTRD,Circle K Fagervika havneanlegg,port_facility,63.43983,10.35037
2456390,NOTRD,Ila kai 26-30,port_facility,63.432545,10.368344
2456392,NOTRD,Nyhavna havneanlegg,port_facility,63.4425,10.4205
2456395,NOTRD,Ladehammerkaia kai 57,port_facility,63.444168,10.421
2456396,NOTRD,Pir 1 og Pir 2,port_facility,63.442,10.406667
2456398,NOTRD,Transittkaia kai 41-43,port_facility,63.4425,10.418167
2456399,NOTRD,Turistskipskaia kai 68,port_facility,63.441166,10.398333
2456400,NOTYF,Drag Industrikai,port_facility,68.04733,16.077168
2456401,NOULS,Green Yard Kleven AS,port_facility,62.323666,5.844167
2456402,NOULS,Myklebust Verft,port_facility,62.221333,5.642667
2456403,NOULS,Kongsberg Maritime Propulsion Ulsteinvik,port_facility,62.342167,5.836
2456404,NOULS,Ulstein Verft,port_facility,62.338898,5.822102
2456405,NOVDS,Vadsø Havneanlegg,port_facility,70.070755,29.73762
2456407,NOVEY,Værøy Fryseterminal,port_facility,67.65783,12.701167
2456408,NOVGN,Hopen Fisk AS,port_facility,68.193665,14.346167
2456410,NOVER,Verdal havneanlegg,port_facility,63.78587,11.440573
2456411,NOVST,Felleskjøpet Agri Vestnes,port_facility,62.5775,7.121333
2456412,NOVST,Vard Langsten,port_facility,62.585167,6.929667
2456413,NOVST,Skorgenes Kai,port_facility,62.575,7.1255
2456414,NOVVY,Leknes havn,port_facility,68.1275,13.572
2456417,NOMYO,Biomar Myre,port_facility,68.913,15.064167
2456418,NOHAL,Grisen,location_at_sea,59.086666,11.183333
2456434,NOKOP,DSK 2 (5-0712),quay,59.28445,5.314893
2456441,NOLUL,Lutelandet,harbour,61.24539,4.974553
2456444,NOTSB,Tyssebotn,harbour,60.61927,5.58729
2456480,NOMOB,Kai 1A,quay,60.7959,5.068184
2456481,NOMOB,Kai 1B,quay,60.795155,5.068637
2456482,NOMOB,Kai 1C,quay,60.79458,5.069018
2456483,NOMOB,Kai 2,quay,60.79336,5.069332
2456484,NOMOB,Kai 3,quay,60.79246,5.070727
2456485,NOMOB,Kai 4,quay,60.791653,5.072073
2456486,NOMOB,Kai 5,quay,60.790882,5.073104
2456487,NOMOB,BOH kai,quay,60.803436,5.059912
2456490,NOROM,Gjerdsvika,harbour,62.25511,5.56939
2456501,NOSIP,Skipavika ex Ferryterminal,quay,60.852016,5.034016
2456502,NOHIT,Sandstad,harbour,63.52005,9.092775
2456573,NOHAU,Garpeskjær 4 (3-0524),quay,59.412243,5.255416
2456574,NOHAU,Indre kai (3-061),quay,59.41326,5.266145
2456575,NOKOP,DSK 1 (5-0711),quay,59.284676,5.3114
2456580,NOLRI,Nattrutekaien,quay,59.781296,5.503548
2456594,NOSRP,Ventekaien,quay,59.779285,5.502025
2456595,NOSRP,Sunnhordlandskaien,quay,59.77991,5.501756
2456596,NOSRP,Skotabergkaien,quay,59.7788,5.503302
2456597,NOSRP,Sagvåg fergekai,quay,59.77498,5.383236
2456598,NOSRP,Kiskaien,quay,59.77301,5.382664
2456632,NOTVE,Lyngør,harbour,58.63333,9.128333
2456638,NOKKN,Sentrumskaia,port_facility,69.7295,30.040667
2456755,NOKKN,Kimek havneanlegg,port_facility,69.72867,30.034332
2456803,NOSRP,Notahaugskaien,quay,59.78099,5.503472
2456804,NOSRP,Gamle Fergekaien,quay,59.779594,5.501851
2456806,NOSRP,Tømmervik,quay,59.749325,5.432526
2456807,NOSRP,Tømmervik skysbåtkai,quay,59.7497,5.432835
2456823,NO888,Ånnelandssundet,location_at_sea,60.88922,4.96561
2456824,NO888,Bognestraumen,location_at_sea,60.61218,5.07942
2456827,NOBYN,Bygnes Anchorage (A5-0612),quay,59.3,5.31666
2456829,NOTSD,NORBAR,quay,59.400166,5.263401
2456875,NOSKU,Fergekai 2 (5-0812),quay,59.146633,5.266513
2456878,NOBOK,Føresvik (6-0111),quay,59.23214,5.44063
2456882,NOARS,Årstein-Gratangen,harbour,68.68484,17.524395
2456898,NOXVN,Vardø nord Losbordingsfelt,pilot_boarding,70.416664,31.1
2456899,NOXVS,Vardø sør Losbordingspunkt,pilot_boarding,70.35,31.15
2456900,NOXHY,Honningsvåg ytre Losbordingspunkt,pilot_boarding,70.96667,26.281668
2456901,NOXSI,Svinøy Losbordingsfelt,pilot_boarding,68.03333,13.583333
2456902,NOXRK,Rekkøyråsa Losbordingspunkt,pilot_boarding,64.63333,10.816667
2456903,NOXRA,Raudøyleia Losbordingspunkt,pilot_boarding,64.4,10.233333
2456904,NOXRE,Flesa Losbordingspunkt,pilot_boarding,63.65,9.248333
2456905,NOXGR,Grip indre Losbordingspunkt,pilot_boarding,63.233334,7.703333
2456906,NOXON,Ona Losbordingspunkt,pilot_boarding,62.933334,6.45
2456908,NOXKV,Kvannhovden Vest Losbording,pilot_boarding,61.716667,4.391667
2456909,NOXHE,Hellefjorden Losbordingspunkt,pilot_boarding,61.65167,4.853333
2456910,NOXFR,Frøysjøen Losbordingspunkt,pilot_boarding,61.75,4.943333
2456911,NOXHI,Holmengrå indre Losbordingspunkt,pilot_boarding,60.856667,4.753333
2456914,NOGIL,Mårnes,harbour,67.1388,14.1352
2456919,NOOTO,Nærøysund terminalen kai 4,quay,64.857346,11.278213
2456926,NOLKA,Skei Off.kai,quay,65.08769,11.740505
2456928,NOZSW,Gutvik,quay,65.0861,11.837
2456930,NOZAF,Åmøyfjorden,quay,59.02477,5.707452
2456931,NOFRS,Sønnichsen,quay,58.896255,5.751153
2456934,NOHIT,Hitra Kysthavn havneanlegg,port_facility,63.515,9.1115
2456942,NOTIN,Arnvikneset,harbour,63.00963,7.97265
2456944,NOREN,Rennesøy,quay,59.097153,5.700512
2456950,NOVER,Aker Solutions havneanlegg avdeling Verdal,port_facility,63.790833,11.435
2456951,NOMOL,Malo,harbour,62.68799,7.50643
2456952,NOALF,Kvalfjord,harbour,70.31847,22.872414
2456953,NOLKA,Skei - Leka,harbour,65.08769,11.740505
2456956,NOHRI,Hareid Service Base,port_facility,62.3675,6.037667
2456957,NOHVG,Honningsvåg Kai Nord,port_facility,70.98415,25.963476
2456958,NOSVG,Mælsosen havneanlegg,port_facility,58.858665,6.152
2456959,NOSRP,Ølen Betong AS - Leirvik,port_facility,59.778667,5.5115
2456963,NOOKF,Polarfeed havneanlegg,port_facility,70.238335,22.346666
2456965,NOVDA,Steinsvik Olivine AS,port_facility,62.009,5.856333
2456966,NOVDA,Steinsvika - Volda,harbour,62.005333,5.854
2456967,NOSRN,Vital Seafood,port_facility,62.313168,6.946
2456972,NOEIK,Eikefjord Tømmerkai,quay,61.571854,5.438347
2456973,NOGHV,Global Florø AS,quay,61.585632,4.99811
2456976,NOBTN,Vartdal Gjenvinning Avd. Florø,quay,61.61103,5.105099
2456992,NOKSU,Kristiansund Mekaniske AS,quay,63.120277,7.732778
2456993,NOHES,Kvernhusvika,quay,63.638332,8.803055
2456998,NORMJ,Ramfjordnes,harbour,69.53,19.016333
2457009,NOHRV,Hordvik,harbour,60.52617,5.297
2457017,NOBGO,Bontelabo 3,quay,60.40266,5.317558
2457018,NOBGO,Tollboden 1,quay,60.399914,5.311268
2457019,NOBGO,Tollboden 2,quay,60.399246,5.312878
2457027,NOMEL,Jektskjæret Nord (NO ISPS),quay,68.4969,14.800682
2457028,NOMEL,Jektskjæret East,quay,68.49677,14.801557
2457029,NOOSY,Spillum Sør,quay,64.45278,11.513889
2457030,NOOSY,Namsos sentrum DS kaia,quay,64.47361,11.498055
2457031,NOOSY,Jernbanekaia,quay,64.47278,11.503612
2457033,NOKVD,Green Yard AS,port_facility,58.260834,6.840667
2457037,NORIV,NorSea Tananger - Quay 1,quay,58.92972,5.585277
2457039,NOHEV,Helligvær,harbour,67.40665,13.90245
2457040,NOSOR,Sørarnøy,harbour,67.13648,13.978617
2457041,NONOF,Nordfold,harbour,67.76508,15.246467
2457042,NOLID,Liland,harbour,68.33117,14.759533
2457048,NOHRD,Nergård Havfiske,quay,68.78434,16.547623
2457049,NOHRD,Hålogaland Grus & Betong,quay,68.792984,16.552671
2457061,NOAUE,Fætten Industrikai,quay,63.15222,7.941667
2457071,NOSSJ,Stranden,quay,66.023605,12.636638
2457084,NOBLO,Blokken Skipsverft,quay,68.6,15.379722
2457098,NOASV,Bekkjarvik,harbour,60.007698,5.20473
2457101,NOVSM,Veidholmen Fisk,quay,63.506668,7.974167
2457123,NOTYN,Uggdal,harbour,59.995,5.49
2457133,NOASV,Bekkjarvik Fiskerihamn AS,port_facility,60.00733,5.207
2457168,SJLYR,"Bykaia, Longyearbyen",port_facility,78.2294,15.60173
2457169,SJSVE,Godskaia,port_facility,77.85824,16.65634
2457171,SJLYR,"Longyearbyen, Gammelkaia",quay,78.227,15.625167
2457172,SJLYR,"Kullkaia, Longyearbyen",port_facility,78.24325,15.543
2457173,SJLYR,Tenderkaia på Bykaia,port_facility,78.22945,15.59522
2457174,SJNYA,Ny-Ålesund havneanlegg,port_facility,78.92879,11.93589
2457196,NOORS,Øye,location_at_sea,62.194782,6.652705
2457208,NOSLX,"Sortland Terminalkai - T5, NORDTRAFIKK",quay,68.69833,15.420672
2457209,NOSLX,"Sortland Terminalkai - T2, EIMSKIP",quay,68.70058,15.419448
2457211,NOSLX,Sortland Terminalkai - T1,quay,68.70141,15.41904
2457214,NOSLX,SERVICEKAI - FLYTEKAI SENTRUM,quay,68.697075,15.421208
2457265,NOSAS,Lauvvika,harbour,58.89415,6.056167
2457266,NOBOK,Arsvågen,harbour,59.170933,5.45395
2457267,NOREN,Mortavika,harbour,59.137833,5.588183
2457268,NOOOS,Halhjem,harbour,60.14515,5.426667
2457269,NOFIT,Sandvikvåg,harbour,59.968384,5.334067
2457270,NOSOG,Mannheller,harbour,61.160168,7.3366
2457271,NOLRD,Fodnes,harbour,61.1486,7.382883
2457279,NO888,Revsnes i Gullesfjord,harbour,68.67833,16.046667
2457297,NOFSK,Koparnes,harbour,62.16995,5.643833
2457298,NOFSK,Eidså,harbour,62.115566,5.678333
2457299,NOVDA,Austefjord,harbour,62.06357,6.314167
2457306,NOSRP,Nord Huglo,quay,59.855354,5.562268
2457310,NOKVH,Gjermundshamn,harbour,60.06111,5.920087
2457312,NOROA,Bessaker,harbour,64.24771,10.320153
2457319,NOEGE,Kai 14 - Bulk kai,quay,58.44019,5.98148
2457320,NOEGE,Containerkaien,quay,58.441875,5.984827
2457322,NOEGE,Kai 15 - RoRo,quay,58.44073,5.983605
2457323,NOEGE,Quay 11 - NO ISSC - Fish delivery,quay,58.443146,5.98485
2457447,NOAES,Humla kaianlegg - NOAES-0149,quay,62.44828,6.282392
2457452,NOHSO,Pelagia,quay,59.337624,5.30053
2457453,NOLAN,Devold kaia,quay,62.440796,6.185497
2457454,NOLAN,Lerheim kaia,quay,62.444687,6.188693
2457462,NOREN,Hanasand,quay,59.118065,5.769135
2457477,NOBGO,Stamneset Flesland,quay,60.321217,5.247912
2457510,NOREP,Repparfjord,harbour,70.45472,24.282232
2457511,NORMB,Ramberg,harbour,68.08902,13.2207
2457512,,Askvoll,quay,61.34616,5.064787
2457513,NOATL,Nikøy,quay,61.285416,4.634132
2457550,NOEIK,Nesjane Industriområde,quay,61.591297,5.425923
2457617,NOFRO,Hestneset (Jens Fanevik),quay,61.602966,5.040558
2457618,NOBYS,Sveen kai,quay,61.37421,5.638927
2457653,NOKVH,Maurangerfjorden,location_at_sea,60.11021,6.198863
2457666,NOSVG,BB Kalhammeren,quay,58.983658,5.710567
2457687,NOLIN,Lurefjorden,location_at_sea,60.7097,5.102933
2457689,NOEFD,Eresfjord,harbour,62.6849,8.141298
2457744,NONVK,Rombak Pukkverk,quay,68.4389,17.715487
2457767,NOTAE,Molo,quay,58.9316,5.577797
2457768,NOTAE,Kommunekaien,quay,58.93352,5.579609
2457769,NOTAE,Fiskerihavnen,quay,58.934525,5.581052
2457773,NOHSO,Åkra Trål,quay,59.340206,5.297903
2457779,NOHSO,Biomar Øst,quay,59.334824,5.302589
2457808,NOHFF,Hafrsfjord Bruk,quay,58.9616,5.600992
2457809,NOASV,Kvaløy,harbour,60.131866,5.094137
2457810,NOSND,Hellesøy,harbour,60.661037,4.788837
2457811,NOASH,Sævrøy,harbour,60.78837,4.830455
2457812,,Trestenene,pilot_boarding,59.016262,10.835782
2457813,NOZKS,Kristiansand ankring,anchorage,58.13333,7.98625
2457814,,Mefjordbåen,pilot_boarding,59.033333,10.783333
2457846,NOHSO,"HCT, export non ISSC (5-0361)",quay,59.338116,5.299571
2457889,NO888,Napp,harbour,68.12981,13.440035
2457966,NOKSU,Kristiansund Fiskeindustri,quay,63.11667,7.7525
2457971,NORVK,Bunker oil,quay,64.861694,11.242013
2457972,NORVK,Minol bunker,quay,64.86229,11.24356
2457973,NOLKA,Allmenning Gutvik,quay,65.08614,11.837493
2458023,,Balsnesodden,pilot_boarding,69.575775,18.872108
2458024,,Rødbergodden,pilot_boarding,69.47851,18.159027
2458057,NOSVG,Essokaien,quay,58.95011,5.746857
2458058,NOSVG,Hettlandskaien,quay,58.947876,5.750218
2458060,NOBGO,AS Mekanikk Gravdal,port_facility,60.39327,5.254452
2458061,NOGUL,Kattahamrane kaianlegg,port_facility,61.7821,6.19342
2458062,NOSRP,Leirvik AS,port_facility,59.78533,5.529833
2458063,NOGUL,Puma Energy Norway AS,port_facility,60.843834,5.0655
2458064,NOZFT,Daumannsgrunnen - Hammerfest ankring,anchorage,70.6416,23.54928
2458072,NOGUD,Gudvangen Cruisekai,port_facility,60.88119,6.841996
2458094,NOHOA,Wacker Chemicals Norway AS Holla Metall,port_facility,63.319668,9.145
2458144,NOADN,Nato-kaia Andenes,port_facility,69.32617,16.13967
2458145,NOMYO,Kartneset terminal 1,port_facility,68.91247,15.053071
2458146,NOMYO,Myre Fryseterminal,port_facility,68.91083,15.07867
2458147,NOEVT,Evenestangen Havneanlegg,port_facility,68.45517,16.723
2458152,NOTOS,Asfaltkaien Tromsø,port_facility,69.69899,19.021477
2458153,NOTOS,IMES havneanlegg,port_facility,69.64702,18.9803
2458154,NOTOS,Grøtsund havneanlegg,port_facility,69.747765,19.14116
2458155,NOHBT,Hamnbukt havneanlegg,port_facility,70.09312,25.075125
2458158,NODRM,Lierstranda Tømmerterminal,port_facility,59.745,10.256333
2458159,NOSLM,Heidelberg Materials Slemmestad,port_facility,59.78317,10.499
2458160,NOKRA,Snekkevik Kvartsbrudd,port_facility,58.861332,9.301833
2458165,NOHRS,Harøysund fiskerikai,port_facility,62.88417,6.960667
2458168,,Bring Cargo Svalbard - Gammelkaia,port_facility,78.22695,15.62521
2458169,NOBNN,Brønnøysund,quay,65.47428,12.209544
2458171,NOSEN,Seljestokken,harbour,61.66882,4.973803
2458191,NOVAL,Syltemoa Sandtak kai,port_facility,62.2975,7.265333
2458192,,Hammernesodden havneanlegg,port_facility,64.35743,11.279615
2458193,NOAES,Humla havneanlegg,port_facility,62.4485,6.277833
2458485,NOSVL,Sævlandsvik,harbour,59.27133,5.19175
2458506,NOSLX,Holmen industriområde havneanlegg,port_facility,68.73384,15.515478
2458513,NOMAY,Snorre Seafood,quay,61.98571,5.143197
2458516,,Dolviken tankanlegg,port_facility,60.321735,5.249013
2458517,NO888,Storaflua,location_at_sea,63.541668,9.258333
2458523,NOZRM,Gullaug - Drammen ankring,anchorage,59.73979,10.275565
2458534,NOBGO,Nygårdsviken havneanlegg,port_facility,60.39414,5.271806
2458542,NOZLA,Lødingen ankring,anchorage,68.42333,16.01
2458548,NOMAY,Pelagia Måløy Sildoljefabrikk avd. Ulvesund,port_facility,61.943,5.144722
2458549,NOHJL,Heidelberg Materials Jøsenfjorden havneanlegg,port_facility,59.321278,6.446389
2458552,NOHDD,Haddal,harbour,62.286,5.8595
2458557,NOBJO,Bjoa,harbour,59.677994,5.61866
2458560,NOSRP,Jektevik fergekai,quay,59.886135,5.521556
2458561,NOSRP,Oma Slip og Mekaniske,quay,59.778564,5.50972
2458563,NO888,Nærøyfjorden,location_at_sea,60.93406,6.884995
2458566,NOHRD,Seljestad havneanlegg,port_facility,68.791664,16.546667
2458567,,Mowi Feed avd. Valsneset,port_facility,63.817566,9.636217
2458568,NOMAN,Strømsvika Havneanlegg,port_facility,58.017334,7.503333
2458570,SJPYR,Pyramiden,harbour,78.655,16.333332
2458596,NOFJE,Fjæra,harbour,59.87433,6.379737
2458606,NOMOS,Dalaneset Mosterhamn havneanlegg,port_facility,59.70065,5.389767
2458627,NOSAH,Sandshamn,harbour,62.25178,5.486183
2458670,NOZHY,Honningsvåg ankring,anchorage,70.983376,25.948763
2458707,NOVTL,"Vartdal Gjenvinning AS, avd. Vartdal",port_facility,62.313248,6.101596
2458719,NOFOE,Forneselva,harbour,69.59769,19.896
2458720,NOJOK,Jøkelfjord,harbour,70.06225,21.874367
2458727,NOFOL,Salmar Follafoss,quay,63.982006,11.106277
2458736,NORIS,Dampskibsbrygga,quay,58.71829,9.240519
2458743,NOMJF,Halsøy kai,port_facility,65.859764,13.184882
2458761,NOHOT,Frydenbø Industri AS,quay,60.445576,5.102207
2458769,NOKLE,Marikoven Eiendom AS,quay,60.393917,5.179058
2458772,NOBOK,Føresvik - Bokn,harbour,59.23253,5.438918
2458779,NOLOE,Loen tenderkai,port_facility,61.87425,6.838167
2458850,NOTOS,Grimsholm havneanlegg,port_facility,69.67384,18.979816
2458853,NOHJL,Vadla,harbour,59.317295,6.513005
2458861,NOZDI,Digernessundet,location_at_sea,59.745415,5.437888
2458894,NOASY,Davanger,harbour,60.46877,5.107398
2458899,NORVK,Rorvik fisk sor,quay,64.85929,11.236206
2458910,,Songvår,pilot_boarding,58.011665,7.855
2458947,NOBOO,Terminalkai Sør,port_facility,67.28777,14.389495
2458964,NOFFB,Finnsnes Regionhavn,port_facility,69.21833,18.074333
2458968,NOHLS,Vågland mekaniske,quay,63.116943,8.285
2458978,NOKYR,Kyrksæterøra Havneterminal,quay,63.295555,9.084722
2459003,NOAFT,Tenderkaia,quay,58.12361,7.056944
2459028,,Eresfjorden Tenderbrygge,port_facility,62.690323,8.120278
2460029,NOAHM,Sibelco Nordic Åheim,quay,62.03417,5.533056
2460030,NOAGO,Coast Center Base,quay,60.414665,5.016167
2460031,NOAES,Aalesund SUNDE AS NOAES-0006,quay,62.458332,6.351667
2460032,NOAES,Sevrin Tranvåg AS,quay,62.43833,6.280833
2460033,NOAES,Steinshamn ISPS Quay,quay,62.78593,6.473837
2460034,NOAES,NCC Roads Ålesund,quay,62.48567,6.395667
2460035,NOAES,Larsgården Terminal,quay,62.483055,6.263889
2460036,NOAES,Berg Lipid Tech,quay,62.43017,6.332833
2460037,NOAES,Brødrene Sperre AS,quay,62.49,6.3035
2460038,NOAES,Hessa Tankanlegg kai vest,quay,62.462177,6.128989
2460039,NOAES,Dyrøy Betong Ålesund,quay,62.485706,6.384005
2460040,NOAES,Epax AS,quay,62.46417,6.121333
2460041,NOAES,Fjordlaks havneanlegg,quay,62.471832,6.129
2460042,NOAES,Flatholmen 6 - Moldegaard - NOAES-0009,quay,62.478912,6.194575
2460043,NOAES,FrigoCare Aalesund AS,quay,62.4745,6.343
2460045,NOAES,Karsten Flem AS,quay,62.67956,6.239067
2460046,NOAES,Longvagruppen AS,quay,62.478,6.226333
2460047,NOAES,MHService avd. Ålesund,quay,62.465668,6.120833
2460048,NOAES,Nils Sperre AS,quay,62.49167,6.308333
2460049,NOAES,Norma Norsk,quay,62.47333,6.14
2460050,NOAES,Olav E. Fiskerstrand AS,quay,62.440166,6.249167
2460051,NOAES,"Prestebrygga og Storneskaia, Ålesund Cruiseterminal - NOAES-0018",quay,62.469166,6.152
2460053,NOAES,Skansekaia Nord - NOAES-0022,quay,62.475834,6.1525
2460054,NOAES,Skutvika - Cont.term - NOAES-0023,quay,62.468334,6.137167
2460055,NOAES,Spjelkavik kai - NOAES-0025,quay,62.4595,6.345667
2460056,NOAES,Sunnmøre Fiskeindustri AS,quay,62.4725,6.125
2460057,NOAES,Vard Søviknes,quay,62.549168,6.273333
2460058,NOAES,TripleNine Vedde AS,quay,62.436333,6.241333
2460059,NOAES,Veidekke Bingsa,quay,62.485,6.389667
2460060,NOAES,Verpingsvika kai,quay,62.479,6.165667
2460061,NOAES,Vigra Spolebase - NOGJD-0001,quay,62.52667,6.138333
2460062,NOAES,Westcon Terminal,quay,62.4745,6.356667
2460064,NOALF,Alta havneanlegg,quay,69.98,23.351168
2460065,NOALF,Alta Skiferterminal,quay,69.96067,23.219028
2460066,NOALF,Marinekaia,quay,69.98,23.316668
2460068,NOALF,Vefas Retur havneanlegg,quay,69.9915,23.305
2460069,NOAAV,Østre kai,quay,60.430832,6.4245
2460070,NOAND,Tindekaia,quay,62.568333,7.693333
2460071,NOAND,Felleskjøpet Åndalsnes,quay,62.566483,7.673319
2460072,NOAND,Søndre Kai Øran Vest,quay,62.55971,7.669142
2460073,NOADN,Andenes Havneservice,quay,69.3245,16.1375
2460074,NOADN,Andenes Havneterminal,quay,69.325836,16.134832
2460075,NOADY,Risøyhamn Kai (Hurtigrutekai),quay,68.9675,15.6405
2460076,NOARD,Hydro Aluminium AS Årdal,quay,61.23467,7.707
2460077,NOARE,Arendal Cruiseterminal Batterikaien,quay,58.458755,8.772167
2460078,NOARE,AT Skog Eydehavn,quay,58.5005,8.888
2460079,NOARE,Eydehavn Havneterminal,quay,58.495167,8.876333
2460080,NOARE,Eydehavn Yard,quay,58.499,8.8853
2460081,NOARE,"Rygene Smith & Thommessen AS, Vindholmen",quay,58.469833,8.810167
2460082,NOARE,"Sandvikodden, Hisøy",quay,58.433834,8.780667
2460084,NOAUK,Anleggskaia/Construction Jetty,quay,62.852165,6.952667
2460085,NOAUK,Produkt kaien/Product Jetty,quay,62.852333,6.960333
2460086,NOAUK,Vard Aukra,quay,62.821167,6.905167
2460087,NOBAR,"Sandvika Kai, Kadetttangen",quay,59.88933,10.5295
2460088,NOBLS,Balestrand tenderkai,quay,61.210667,6.537
2460089,NOBLL,Fornes Ballangen,quay,68.35017,16.891468
2460090,NOBLL,Hekkelstrand terminal,quay,68.39917,16.831667
2460091,NOBAF,Bergeneset kai,quay,69.23817,19.360832
2460092,NOBAF,"Forsvarets kai, Bergeneset",quay,69.2375,19.354834
2460094,NOBAM,AT Terminal - Herre,quay,59.10533,9.5685
2460095,NOBAM,Ineos Bamble AS,quay,59.082333,9.626833
2460096,NOBAM,Inovyn Norge Kai 2,quay,59.1005,9.5935
2460097,NOBAM,Langesund Fergeterminal,quay,59.00617,9.7475
2460098,NOBAM,INEOS Kai 1,quay,59.097168,9.597667
2460099,NOBAM,Ragn Sells Skjærkøya,quay,59.061,9.6385
2460100,NOBJF,Båtsfjord havneanlegg,quay,70.63966,29.7405
2460101,NOBGO,Lerøy Austevoll AS,quay,60.092,5.223333
2460102,NOBGO,Bergen Engines AS,quay,60.526333,5.297333
2460103,NOBGO,Semco Maritime AS,quay,60.4405,5.101
2460105,NOBGO,Energiparken havneanlegg,quay,60.553093,4.884282
2460106,NOBGO,Dokken Havneanlegg,quay,60.392666,5.309833
2460107,NOBGO,"Felleskjøpet Agri SA, avd. Vaksdal Lossekai",quay,60.475834,5.737
2460108,NOBGO,Framo Flatøy AS,quay,60.5355,5.252833
2460110,NOBGO,"Franzefoss Gjenvinning AS, Eide",quay,60.386665,4.9635
2460111,NOBGO,Stein Evensen,quay,60.392166,5.291167
2460112,NOBGO,Halfdan L. Solberg AS,quay,60.42,5.2985
2460113,NOBGO,Horsøy Industrihavn,quay,60.433567,5.162267
2460114,NOBGO,Simonsviken havneanlegg,quay,60.394,5.269833
2460117,NOBGO,Heidelberg Materials A/S Sement,quay,60.386078,5.306924
2460118,NOBGO,LVN12,quay,60.391666,5.292167
2460120,NOBGO,Norstone Askøy,quay,60.551334,4.986833
2460121,NOBGO,Quay 2 North,quay,60.38893,5.298307
2460122,NOBGO,Omya Hustadmarmor Knarrevik havneanlegg,quay,60.372,5.161333
2460123,NOBGO,DC Eikefet AGGREGATES AS,quay,60.70067,5.554333
2460124,NOBGO,RadøyGruppen AS,quay,60.5875,5.1815
2460125,NOBGO,"Saltimport AS, Sandviken",quay,60.414833,5.316667
2460126,NOBGO,Hegreneset Sør,quay,60.415833,5.304167
2460127,NOBGO,Skaganeset havneterminal,quay,60.27,5.106333
2460128,NOBGO,Skålevik terminal,quay,60.39517,5.232667
2460129,NOBGO,Skolten Havneanlegg,quay,60.4015,5.309333
2460130,NOBGO,SLP Bergen,quay,60.396667,5.2035
2460131,NOBGO,"Sotra Gruppen AS, Vindenes",quay,60.4225,5.002833
2460132,NOBGO,Straume Næringspark,quay,60.3425,5.127667
2460133,NOBVG,Berlevåg hurtigrutekai,quay,70.857834,29.114
2460134,NOBOO,ST1 Bodø Tankanlegg,quay,67.289665,14.381167
2460135,NOBOO,Pier East - Pelagia,quay,67.289185,14.377589
2460136,NOBOO,Terminalkaia,quay,67.290665,14.397833
2460137,NOBOO,Nordasfalt AS - Vikan,quay,67.30133,14.704333
2460138,NOBOO,Torvkaia/Østbrekken,quay,67.285286,14.380083
2460139,NOBOO,NBI-Havneterminal,quay,67.2725,14.3445
2460142,NOBNN,Brønnøy Kalk,quay,65.3645,12.4775
2460143,NOBNN,Hurtigrutekaia,quay,65.47583,12.211167
2460144,NOBNN,Gårdsøya,quay,65.492836,12.222833
2460145,NOBUV,Hammerstrand,quay,63.3125,10.163333
2460146,NODRM,ABB Terminal,quay,59.7405,10.2345
2460148,NODRM,HOLMEN SYD,quay,59.734756,10.224339
2460150,NODRM,Norsk Gjenvinning Metall AS,quay,59.727,10.254167
2460151,NODRM,LANGBRYGGA,quay,59.730778,10.229146
2460152,NODYY,Espenes havneanlegg,quay,69.11567,17.757168
2460153,NOEDE,Visnes Kalk,quay,62.9575,7.403333
2460154,NOEDF,Eidfjord Cruise Havn,quay,60.469,7.068333
2460155,NOEGD,"Aker Solutions Egersund - Quay 3, Derrik kai",quay,58.425835,5.987333
2460156,NOEGD,"H E Seglem depot, Solkroa",quay,58.444332,5.99
2460157,NOEGD,Oljekai - Pelagia Egersund Sildoljefabrikk,quay,58.451317,5.991227
2460158,NOEGD,Prima Seafood AS,quay,58.4525,5.996667
2460160,NOEGD,KS Norwegian Edelsplitt - Hellvik,quay,58.477165,5.876833
2460161,NOEGD,KS Norwegian Edelsplitt - Maurholen,quay,58.467335,5.921333
2460162,NOEGD,"Pelagia AS avd. 450, Ryttervik",quay,58.437,5.989833
2460163,NOEGD,Grønehaugen,quay,58.444504,5.985302
2460164,NOEKF,Peab Norge AS avd. Eikefet,quay,60.701,5.550333
2460165,NOELN,Felleskjøpet Elnesvågen,quay,62.850834,7.138333
2460166,NOELN,Omya Hustadmarmor AS Quay2,quay,62.849552,7.121081
2460167,NOETN,"NCC Roads AS, Etne",quay,59.66833,5.93
2460168,NOETN,Tongane Kai,quay,59.669666,5.928833
2460169,NOFAN,Alcoa Lista,quay,58.08267,6.799667
2460170,NOFAN,"Garasjen, Kai 11",quay,58.082508,6.786602
2460171,NOFAN,"Kai 11, Garasjen",quay,58.0825,6.7865
2460172,NOFAN,"Dypvannskaien, kai 10",quay,58.084785,6.794461
2460174,NOFNE,Finnfjord havneanlegg,quay,69.22301,18.080126
2460175,NOFNE,Finnsnes Havn,quay,69.229,17.9715
2460177,NOFNE,Husøy havneanlegg,quay,69.54367,17.665333
2460178,NOFNE,Kårvikhamn havneanlegg,quay,69.39733,18.154667
2460179,NOFJA,Lutelandet industrihamn,quay,61.245,4.975667
2460180,NOFLA,Flåm Cruisehamn,quay,60.864166,7.1195
2460181,NOFLA,Gudvangen Steinkai,quay,60.88233,6.841167
2460182,NOFLA,Vik cruisehamn,quay,61.0895,6.584667
2460183,NOFFD,Abelnes Kai,quay,58.239,6.657
2460184,NOFFD,Eschebrygga,quay,58.2945,6.657333
2460185,NOFFD,Parat AS,quay,58.291332,6.650833
2460187,NOFRO,EWOS Quay D (loading quay),quay,61.584885,4.999926
2460188,NOFRO,"Felleskjøpet Agri SA, avd. Florø",quay,61.603333,5.0465
2460189,NOFRO,Fjord Base AS,quay,61.6125,5.070333
2460190,NOFRO,Fugleskjærskaia Quay C,quay,61.601746,5.023134
2460191,NOFRO,Gunhildvågen havneanlegg Florø hamn KF,quay,61.585835,4.995833
2460192,NOFRO,Pelagia AS avd. Selje,quay,62.02522,5.370218
2460193,NOFRO,DC Seljestokken Aggregates AS,quay,61.668,4.9745
2460194,NOFRO,Westcon Yards AS - Florø,quay,61.60367,5.053833
2460195,NOFDE,Moldegaard Maritime Logistics AS avd. Førde forsyningsanlegg,quay,61.4805,5.808833
2460196,NOFDE,Førde Bitumendpot,quay,61.462166,5.811
2460197,NOFRE,Harøysundet Terminal,quay,62.878334,6.95
2460198,NOFRE,Vikomar,quay,62.884335,6.962833
2460199,NOFRK,Wet Bulk South,quay,59.186188,10.952106
2460200,NOFRK,Esso Norge AS Fredrikstad Lager,quay,59.240334,10.999333
2460201,NOFRK,Hafslund kai,quay,59.267666,11.089167
2460202,NOFRK,Jotne Havneterminal,quay,59.211334,10.915667
2460204,NOFRK,Denofa Havn 1,quay,59.19504,10.948772
2460206,NOFRK,Stene Stål Kråkerøy,quay,59.2085,10.907833
2460207,NOFRK,Tangen Brygge,quay,59.1365,10.931667
2460208,NOFRK,Tollboden,quay,59.2055,10.950333
2460209,NOFRK,Unger Fabrikker AS,quay,59.21683,10.968
2460210,NOFRK,Weber Leca Borge,quay,59.2525,11.018833
2460211,NOFRN,Drøbak Cruiseterminal,quay,59.66083,10.627833
2460212,NOFUS,Framo Fusa AS,quay,60.204,5.598833
2460213,NOGNR,Geiranger Cruise terminal,quay,62.1025,7.204
2460215,NOGLO,YARA Glomfjord,quay,66.8095,13.937167
2460216,NOGRV,Moelven Granvin Bruk AS,quay,60.521,6.716
2460217,NOGTD,Grimstad Trafikkhavn,quay,58.336666,8.596167
2460218,NOGTD,Vikkilen Yard,quay,58.360832,8.612
2460220,NOGUL,Quay 4,quay,60.850258,5.070138
2460221,NOGUL,Kai 10 - Wergeland havneanlegg - Gulen Industrihavn,quay,60.839783,5.0759
2460223,NOGUL,Quay 1 conveyor,quay,60.855167,5.034833
2460224,NOGUL,kai 2 - Gulen Industrihavn,quay,60.852077,5.067915
2460225,NOHAL,Bakke Utskipningshavn,quay,59.0205,11.442667
2460226,NOHAL,Nexans Norway AS,quay,59.116165,11.329833
2460227,NOHAL,Norske Skog Saugbrugs,quay,59.117,11.377
2460228,NOHAL,Mølen Havneanlegg,quay,59.11767,11.371833
2460229,NOHAL,Østfoldkorn SA,quay,59.11717,11.381333
2460230,NOHFT,Kai 9 Bølgebryterkaia,quay,70.66958,23.67211
2460231,NOHFT,Kai 1 Sentrumskaien,quay,70.664856,23.6816
2460232,NOHFT,NorSea Polarbase Quay 1,quay,70.63563,23.66329
2460233,NOHFT,Kai 23 Fuglenes,quay,70.66819,23.664366
2460234,NOHFT,Polarbase Kai 1 Fryseterminalen,quay,70.63485,23.666763
2460235,NOHBT,Hamnbukt Tankanlegg,quay,70.08953,25.077566
2460237,NOHRI,Hareid Godsterminal,quay,62.375,6.033333
2460238,NOHRI,Pelagia AS avd. Liavåg,quay,62.352,6.068333
2460239,NOHRI,Rolls-Royce DM S&S Hjørungavåg,quay,62.3545,6.085167
2460240,NOHRD,Hamek Sentrum,quay,68.79567,16.544
2460241,NOHRD,Larsnes havneanlegg,quay,68.79867,16.548
2460242,NOHRD,Rieber Salt AS Avd. Harstad,quay,68.79525,16.557697
2460243,NOHRD,Kai 1 Stangnes,quay,68.78333,16.592833
2460244,NOHRD,Stangnes Kai 2,quay,68.78167,16.598
2460245,NOHRD,Gangsås Tankanlegg,quay,68.79833,16.566668
2460246,NOHRD,Rødskjær kai,quay,68.57667,16.528334
2460248,NOHAV,"Hurtigrutekaien, Havøysund",quay,70.994835,24.689
2460249,NOHSY,Hellesylt Cruisehamn,quay,62.086666,6.875
2460250,NOHEY,Herøyterminalen,quay,62.3365,5.728
2460251,NOHEY,FNH kai B (Havila),quay,62.3214,5.672833
2460252,NOHES,Hestvika Havneterminal,quay,63.565,9.201667
2460253,NOHOL,"Felleskjøpet Agri SA, Holmestrand",quay,59.47867,10.332167
2460254,NOHOL,Holmestrand Havneterminal,quay,59.490833,10.323833
2460255,NOHVG,Cape Fish havneanlegg,quay,70.992,25.966333
2460256,NOHVG,Honningsvåg Kai 2 og 3,quay,70.98217,25.965668
2460257,NOHVG,Honningsvåg Kai Syd,quay,70.981834,25.968332
2460259,NOHVG,Honningsvåg Tendringskai,quay,70.98133,25.972668
2460262,NOHVG,North Capelin Honningsvåg AS,quay,70.99567,25.959667
2460263,NOHVG,Skarsvåg Cruisehavn,quay,71.113335,25.831667
2460264,NOHOR,Horten Industripark,quay,59.4275,10.480667
2460265,NOHOR,Bente Levin,quay,59.4135,10.494
2460266,NOHYR,Hydro Høyanger,quay,61.217773,6.065954
2460267,NOHUR,"Dynea ASA, Engene Terminal",quay,59.683834,10.541667
2460268,NOHUR,Statkraft Tofte A/S,quay,59.54533,10.5683
2460270,NOHUS,Hovedkai,quay,59.875313,5.767574
2460271,NOHVA,Borg Havn Drift og Vedlikehold,quay,59.024334,11.037333
2460272,NOHYL,Gamlekaia,quay,61.124653,5.32921
2460273,NOHYL,Veidekke Industri AS - Listraumen,quay,61.13983,5.2
2460275,NOJSS,Titania AS Joessingfjord Port- Lastekai,quay,58.324333,6.352
2460277,NOKAY,Hansnes havneanlegg,quay,69.96017,19.620667
2460278,NOKAY,Vannavalen Havneanlegg,quay,70.12867,19.978333
2460279,NOKAS,Vestre dokkai,quay,59.4075,5.263167
2460281,NOKAS,"St1 Norge AS, Lillesund terminal",quay,59.404255,5.255643
2460282,NOKAS,"HFP, Biomar (5-0376)",quay,59.3359,5.299323
2460283,NOKAS,Bømlo Skipsservice AS,quay,59.61089,5.242056
2460284,NOKAS,Roquette Norway AS,quay,59.354668,5.3175
2460285,NOKAS,Garpeskjær 1 (3-0521),quay,59.410435,5.258824
2460286,NOKAS,Gismarvik - Kai Sør,quay,59.322666,5.389333
2460287,NOKAS,Main quay,quay,59.31294,5.324513
2460288,NOKAS,HCT 1 N (5-0341),quay,59.338066,5.306694
2460289,NOKAS,Karmsund Servicebase AS,quay,59.38283,5.287667
2460290,NOKAS,Jetty 2,quay,59.270668,5.489
2460291,NOKAS,Killingøy S (3-0213),quay,59.42104,5.248905
2460292,NOKAS,DSK 3 (5-0713),quay,59.28416,5.316451
2460293,NOKAS,"Peab Asfalt, Karmøy (Earlier Lemminkainen)",quay,59.38043,5.290337
2460294,NOKAS,Lorentz Storesund og Sønner AS,quay,59.396,5.271333
2460295,NOKAS,Schlumberger Norge AS,quay,59.400166,5.263333
2460296,NOKAS,Norcem Karmøy,quay,59.37264,5.29517
2460297,NOKAS,Norscrap Karmøy AS,quay,59.2985,5.231
2460298,NOKAS,Stena Recycling Haugesund AS,quay,59.367832,5.292
2460299,NOKAS,Norstone Bøneset,quay,59.369534,5.293667
2460300,NOKAS,Ølen Betong AS - Mølstrevåg,quay,59.5225,5.258167
2460301,NOKAS,Serklau (1-0411),quay,59.712166,5.376167
2460302,NOKAS,Skude Fryseri AS,quay,59.146168,5.2675
2460303,NOKAS,Husøy Terminalen,quay,59.337833,5.286833
2460304,NOKAS,Solstad Offshore Base Husøy,quay,59.3385,5.2965
2460305,NOKAS,Skude dokken,quay,59.147476,5.257206
2460306,NOKAS,Storesund Marine Service AS,quay,59.397,5.268833
2460307,NOKAS,Storøy Havneanlegg,quay,59.4118,5.23477
2460308,NOKAS,Vico AS,quay,59.362087,5.282094
2460309,NOKAS,Rubbestadneset industripark - havneanlegg,quay,59.820168,5.266
2460310,NOKAS,Westcon Yards AS - Karmsund,quay,59.33267,5.29
2460311,NOKKN,Dypvannskaia,quay,69.729,30.063667
2460312,NOKKN,Hurtigrutekaia,quay,69.72888,30.072435
2460313,NOKKN,Flytebrygge,quay,69.73006,30.058437
2460315,NOKKN,Importkaia ST1 (Bunker Quay),quay,69.7261,30.026497
2460316,NOKJF,Kjøllefjord havneanlegg,quay,70.949165,27.336666
2460317,NOKJK,Norcem Kjøpsvik,quay,68.093666,16.376167
2460318,NOKON,"Kollsnes Prosessanlegg, Øygarden kommune",quay,60.5573,4.82671
2460319,NOKRA,Litangen Kvartsbrudd,quay,58.84667,9.298333
2460320,NOKRA,Jernbarnekaia,quay,58.8693,9.41633
2460321,NOKRA,NCC Roads Valberg,quay,58.881,9.422667
2460322,NOKRA,Strand Havneterminal,quay,58.893833,9.370333
2460323,NOKRS,Berth 135 NOKRS-0005 (Andøya Industripark),quay,58.114704,7.970766
2460324,NOKRS,Berth 120 (Elkem Fiskaa),quay,58.12583,7.972833
2460325,NOKRS,Berth 110 NOKRS-0006 (Glencore),quay,58.13717,7.975
2460326,NOKRS,Berth 109 (Kolsdalsodden),quay,58.140007,7.977288
2460327,NOKRS,Berth 35 NOKRS-0016,quay,58.156834,8.035333
2460328,NOKRS,Berth 22 NOKRS-0010,quay,58.135506,8.068126
2460329,NOKRS,Berth 9 NOKRS-0002,quay,58.141083,7.992556
2460330,NOKRS,Berth 1A NOKRS-0003,quay,58.14355,7.986022
2460332,NOKRS,Berth 16 NOKRS-0014,quay,58.133667,7.998667
2460333,NOKRS,Berth 150 NOKRS-0007 (Kroodden),quay,58.114815,7.970442
2460334,NOKRS,Berth 45 NOKRS-0012,quay,58.162834,8.043167
2460335,NOKSU,Aibel Melkvika,quay,63.115833,7.76
2460336,NOKSU,Arnvikneset havneanlegg,quay,63.009666,7.9725
2460337,NOKSU,Averøy Industripark AS,quay,63.0755,7.666667
2460338,NOKSU,Backer Terminal,quay,63.11759,7.757982
2460339,NOKSU,Dale Industripark,quay,63.12061,7.773339
2460340,NOKSU,Devoldholmen,quay,63.114166,7.7375
2460341,NOKSU,Fiskeribasen havneanlegg,quay,63.121,7.761667
2460342,NOKSU,GC Rieber VivoMega AS,quay,63.11883,7.758
2460343,NOKSU,Gunnar Holth Kristiansund AS,quay,63.0535,7.673333
2460344,NOKSU,Høgset Terminalen AS,quay,62.969166,7.7325
2460345,NOKSU,"Industrikaia, Surnadal",quay,62.986332,8.649167
2460346,NOKSU,Kristiansund Base,quay,63.057198,7.671345
2460348,NOKSU,Atlantic Bunkers AS,quay,63.12113,7.775083
2460349,NOKSU,Nordmørskaia Havneanlegg,quay,63.113667,7.734
2460350,NOKSU,Tørr Råvare,quay,63.0568,7.65807
2460351,NOKSU,Storkaia,quay,63.110332,7.733833
2460352,NOKSU,Sub Sea Base Kristiansund,quay,63.090405,7.782257
2460353,NOKSU,Veidekke Industrier,quay,63.091667,7.770833
2460354,NOKSU,Vestbase Quay 3,quay,63.105938,7.773185
2460355,NOKSU,Vikan havneanlegg,quay,63.3765,8.201667
2460356,NOKVS,Repparfjord Eiendom AS Havneterminal,quay,70.454666,24.282
2460357,NOKVD,Eramet Norway Kvinesdal AS,quay,58.275,6.886667
2460358,NOKVD,Kleven kai,quay,58.2775,6.883
2460360,NOKVH,Halsnøy dokk AS,quay,59.791832,5.794
2460361,NOKVH,Palfinger Marine Safety A/S - Ølve Havn,quay,60.012833,5.819
2460362,NOLAR,Color Line Larvikterminalen,quay,59.04117,10.0435
2460363,NOLAR,Kanalen Havneanlegg,quay,59.042168,10.046833
2460365,NOLAR,Revet Havneterminal / Container terminal,quay,59.038834,10.040333
2460366,NOLAR,Svartebukt,quay,59.017666,9.8415
2460367,NOLRI,Aker Solutions Stord Havneanlegg AS,quay,59.763,5.4935
2460369,NOLRI,GMC Decom,quay,59.757416,5.491783
2460370,NOLRI,NSL Stordbase,quay,59.754494,5.483897
2460371,NOLEV,Levanger havn,quay,63.751526,11.296949
2460372,NOLEV,Norske Skog Skogn AS,quay,63.718254,11.155
2460373,NOLIE,Hellik Teigen AS,quay,59.744,10.241333
2460375,NOLIL,Lillesand Havneanlegg,quay,58.247,8.383333
2460376,NOLIL,Fossbekk-kaia,quay,58.239834,8.376167
2460378,NOLDS,Båly havneterminal,quay,58.039833,7.152833
2460379,NOLOD,Swerock Lødingen,quay,68.341835,15.43
2460380,NOLOD,Rødholmen havneanlegg,quay,68.4175,15.998833
2460381,NOLND,Hausvik Havneanlegg,quay,58.0505,6.986333
2460382,NOLND,Holmsundet Havneanlegg,quay,58.116333,7.0445
2460383,NOLYN,Lyngen Cruisehavn,quay,69.57733,20.224833
2460384,NOMAY,Båtbygg AS,quay,61.9705,5.141833
2460385,NOMAY,Brødrene Tennebø ANS,quay,61.941666,5.1265
2460386,NOMAY,Domstein Fish AS,quay,61.981335,5.136333
2460387,NOMAY,Fiskerikai,quay,61.93017,5.118167
2460388,NOMAY,Pier 1 - ICT Nord,quay,61.93916,5.122656
2460389,NOMAY,Kai Sør,quay,61.931,5.1265
2460390,NOMAY,Måløy Seafood,quay,61.9305,5.114167
2460391,NOMAY,Pelagia Måløy Sildoljefabrikk,quay,61.934227,5.135006
2460393,NOMAY,Olden Cruiseterminal inkl tenderkai,quay,61.843334,6.810333
2460395,NOMAY,Pier 2 - Trollebø nord,quay,61.939335,5.142
2460396,NOMAY,Trollebø syd,quay,61.938168,5.134833
2460397,NOMAK,AS Djupvasskaia Hommelvik,quay,63.41357,10.783362
2460398,NOMAK,Stena terminal Hommelvik,quay,63.415833,10.782667
2460399,NOMAK,Muruvik havneterminal,quay,63.438,10.838333
2460400,NOMAN,Gismerøya Havneanlegg,quay,58.017666,7.482
2460401,NOMAN,Sodevika Tankanlegg,quay,58.008167,7.4995
2460402,NOMEH,"Industrikaia, Mehamn",quay,71.035835,27.846666
2460403,NOMEH,Nordkynterminalen,quay,71.040665,27.844833
2460404,NOMEL,Melbu Fryselager,quay,68.49783,14.801667
2460405,NOMLK,Produksjonskaia (Production Quay),quay,70.684166,23.598333
2460406,NOMEY,Ørnes Dampskipskai,quay,66.86916,13.7035
2460407,NOMEY,EWOS Halsa,quay,66.745,13.499333
2460408,NOMID,Midsund Bruk AS,quay,62.68,6.658333
2460409,NOMID,Stormyra Industrikai,quay,62.691833,6.667333
2460410,NOMQN,Bulkterminalen,quay,66.3258,14.138093
2460411,NOMQN,Rana Gruber,quay,66.32667,14.141667
2460412,NOMQN,Rana Industriterminal AS,quay,66.306,14.12
2460413,NOMQN,Toranesterminalen,quay,66.31683,14.13
2460414,NOMQN,Uno-X havneterminal,quay,66.28,14.037004
2460415,NOMOL,Malo Eiendom,quay,62.68798,7.506429
2460416,NOMOL,Terminal Quay,quay,62.736164,7.186961
2460417,NOMOL,Storkaia (Molde),quay,62.733334,7.155
2460418,NOMOL,Hjelsetkaien,quay,62.7685,7.442
2460419,NOMON,Mongstad Forsyningsbase,quay,60.794834,5.068833
2460420,NOMON,Equinor Mongstad,quay,60.81867,5.031667
2460421,NOFNN,Teinevik havneanlegg,quay,60.809166,4.9735
2460422,NOMJF,Nykaia,quay,65.85173,13.188137
2460423,NOMJF,Holandsvika Havneterminal,quay,65.93,13.133
2460426,NOMJF,Seljeli Dolomitt,quay,66.13633,13.580833
2460427,NOMJF,"Veidekke Industri AS, Mosjøen",quay,65.85078,13.184693
2460428,NOMSK,Reine Ytre Havn,quay,67.936,13.100333
2460429,NOMSS,"OneSubsea, Moss",quay,59.43883,10.6465
2460430,NOMSS,"Dynea ASA, Kambo Terminal",quay,59.4775,10.685333
2460431,NOMSS,Frode Cindahl,quay,59.472,10.680167
2460433,NOMSS,Grain - Lantmannen Cerealia,quay,59.4385,10.659667
2460435,NOMSS,NSO Sentralanlegget Kambo,quay,59.480667,10.686167
2460436,NONRY,Inge Hestad,quay,64.74373,11.322579
2460437,NONRY,Ottersøy havneanlegg Skansen kai 2,quay,64.85869,11.28089
2460438,NONRY,Norkalsitt AS,quay,64.80517,11.711833
2460439,NONDE,Namsen Drivstoffanlegg,quay,64.49342,11.169674
2460440,NOOSY,Kiskaia,quay,64.459335,11.500667
2460441,NOOSY,Moelven Van Severen AS Namsos,quay,64.4599,11.506903
2460442,NOOSY,Spillum Nord,quay,64.453835,11.510833
2460443,NONVK,"Narvik Central Harbour, utstikker 1",quay,68.42833,17.4225
2460444,NONVK,Forsvarets Terminal Bjerkvik,quay,68.53233,17.566168
2460445,NONVK,"Narvik Central Harbour, Nordkaia",quay,68.42917,17.422333
2460446,NONVK,"Narvik Havneterminal Fagernes, Fagerneskaia",quay,68.415,17.423834
2460447,NONVK,LKAB Narvik,quay,68.43083,17.391167
2460448,NONVK,"Narvik Havneterminal Fagernes, Skarveneskaia",quay,68.41517,17.415167
2460449,NONSN,Westcon Helgeland AS,quay,66.2735,13.1765
2460450,NONSN,NesnaTerminalen AS,quay,66.200165,13.008
2460451,NONEO,Fagerstrand Tankanlegg,quay,59.73517,10.584833
2460453,NONTY,Wilhelmsen Chemicals Kjøpmannskjær,quay,59.1715,10.385167
2460454,NOODD,Boliden Odda AS,quay,60.086166,6.536833
2460456,NOODD,Odda Cruisehavn tenderkai,quay,60.06983,6.545833
2460457,NOODD,INEOS Tyssedal AS,quay,60.118,6.554333
2460458,NOODD,"Ulvik Cruisehavn, Brakanes",quay,60.567165,6.915
2460459,NOOKF,Øksfjord havneanlegg,quay,70.238335,22.355
2460460,NOOLN,AF Miljøbase Vats,quay,59.441,5.747167
2460461,NOOLN,Ølen Betong AS - Ølensvåg,quay,59.604168,5.759667
2460462,NOOLN,Westcon Yards AS - Ølensvåg,quay,59.6055,5.767333
2460463,NOORK,Orkanger Krankaia quay 2,quay,63.317543,9.846273
2460464,NOOLA,Military Oil Only Uthaug Havn,quay,63.72873,9.590983
2460465,NOOLA,Uthaug havneterminal v/Grøntvedt Pelagic,quay,63.7285,9.592833
2460466,NOORS,Ørstaterminalen,quay,62.189667,6.093333
2460467,NOORS,Vartdal Fryseri,quay,62.302,6.082167
2460468,NOOSN,"Kai 1, Offshorekaien",quay,64.34033,10.50217
2460469,NOOSL,Filipstad Havneanlegg,quay,59.907,10.714833
2460470,NOOSL,Grønlia,quay,59.897667,10.753
2460471,NOOSL,Hjortnes Colorline,quay,59.908833,10.708667
2460472,NOOSL,Kneppeskjæret SE,quay,59.884335,10.7635
2460473,NOOSL,Kneppeskjæret W,quay,59.885334,10.7615
2460474,NOOSL,Kneppeskjæret NE,quay,59.885666,10.764167
2460475,NOOSL,Kongshavn,quay,59.892,10.758167
2460476,NOOSL,Ormsund Havneterminal,quay,59.882168,10.7655
2460477,NOOSL,Revierkaia,quay,59.905834,10.746333
2460478,NOOSL,Sjursøya Nord,quay,59.889,10.752667
2460479,NOOSL,Sjursøya Oljehavn,quay,59.885666,10.759167
2460480,NOOSL,Sjursøya Syd Containerterminal,quay,59.886833,10.755667
2460482,NOOSL,Utstikker II,quay,59.902332,10.743167
2460484,NOOSL,Utstikker III,quay,59.90167,10.741333
2460485,NOOSL,Søndre Akershuskai (SAK),quay,59.90619,10.735104
2460486,NOPOR,Dypvannskaia,quay,59.126,9.615833
2460487,NOPOR,Eramet Norway AS,quay,59.128166,9.620833
2460488,NOPOR,Birkeland kai,quay,59.117,9.622167
2460489,NOPOR,Krankaia,quay,59.13167,9.626333
2460490,NOPOR,Norcem Brevik,quay,59.062332,9.694167
2460491,NOPOR,"Tangen quay Container, Brevik",quay,59.062782,9.69796
2460492,NOPOR,Tinfoskaia,quay,59.131702,9.626564
2460493,NORMJ,Hovedkai (Main Quay),quay,69.53168,19.020844
2460494,NOREE,NOAH Langøya,quay,59.4915,10.381
2460495,NOREK,"NCC Industry AS, Rekefjord",quay,58.329666,6.261667
2460496,NOREK,Rekefjord Stone kai 5N,quay,58.327324,6.256642
2460497,NORVK,Rørvik havneterminal,quay,64.859665,11.237833
2460498,NORYG,Larkollen kaianlegg,quay,59.337,10.658333
2460499,NOSDL,Rognan Industrikai,quay,67.10733,15.389667
2460500,NOSDN,Sandane Cruisehavn,quay,61.77782,6.212817
2460501,NOSAD,Framnes Havneterminal,quay,59.118,10.227333
2460503,NOSAD,Jahrestranda Havneanlegg,quay,59.107166,10.234333
2460504,NOSAD,Pronova Biopharma,quay,59.109333,10.232167
2460505,NOSAD,Karl Oskar Jorgensen,quay,59.126,10.227667
2460506,NOSAD,Thorøya Havneanlegg,quay,59.10267,10.2295
2460507,NOSAS,Lura Tankanlegg,quay,58.8775,5.746667
2460509,NOSAS,Sandnes havn,quay,58.87,5.746667
2460510,NOSSJ,Aqua Rock Quarry,quay,66.0045,12.649333
2460511,NOSSJ,Coastbase Nordland,quay,66.008,12.657333
2460512,NOSSJ,Kai 2,quay,66.024994,12.667563
2460513,NOSSJ,Minol Holmen,quay,66.02333,12.626
2460514,NOSSJ,Hurtigrutekai,quay,66.024216,12.638541
2460516,NOSSJ,Terminal Vågen,quay,66.021164,12.644333
2460517,NOSPG,Nedre Alvim Havneanlegg,quay,59.268166,11.079833
2460518,NOSPG,Mellos,quay,59.26967,11.100667
2460519,NOSPG,Greåker Kai,quay,59.26217,11.035167
2460520,NOSPG,Høysand Brygge,quay,59.188667,11.1855
2460521,NOSAU,Eramet havneterminal,quay,59.645832,6.355667
2460522,NOSAU,Saudasjøen Industrikai,quay,59.640915,6.3171
2460523,NOSJE,Selje Cruisehavn - tenderkai,quay,62.044483,5.34452
2460524,NOSJH,Nergårdterminalen,quay,69.49467,17.4875
2460525,NOSRV,"Sirevåg Havn, kai Nord (Fryselager)",quay,58.505333,5.7905
2460526,NOSRV,"Sirevåg havn, Kai Syd ( Felleskjøpet)",quay,58.504665,5.7875
2460527,NOSAA,Berg Industrikai,quay,69.441,17.328
2460528,NOSKL,Weber Leca Tovik,quay,68.69,16.841667
2460529,NOSKE,Menstad Industri AS,quay,59.169834,9.6415
2460530,NOSKE,Norgesmøllene AS,quay,59.187,9.625
2460532,NOSKE,Skien havneterminal kai 1,quay,59.12297,9.565709
2460533,NOSKE,Stena Recycling AS,quay,59.120167,9.570667
2460534,NOSKY,Skjervøy havneanlegg,quay,70.035,20.9835
2460535,NOSLN,Skjolden Cruisekai,quay,61.481667,7.591667
2460536,NOSKO,Allskog Tømmerterminal Håhjem,quay,62.483833,6.690333
2460538,NOSNE,Høllen kai,quay,58.073666,7.797333
2460539,NOSLA,St1 Tananger Terminal,quay,58.928,5.600667
2460540,NOSLA,NorSea Tananger - Quay 2,quay,58.928814,5.586789
2460541,NOSLA,23,quay,58.92434,5.597067
2460542,NOSMN,Berg havn,quay,65.37183,12.211167
2460543,NOSOF,Elkem Salten,quay,67.36533,15.586
2460544,NOSOF,Hammerfall Dolomitt,quay,67.39484,15.542333
2460546,NOSRA,Gottesjord havneanlegg,quay,69.157,18.123667
2460547,NOSRA,Øyjordnes havneanlegg,quay,69.15659,18.145393
2460548,NOSLX,"Husvik,Sigerfjord,Veidekke Havneterminal",quay,68.63316,15.56716
2460549,NOSLX,Sortland Terminalkai,quay,68.7005,15.419167
2460550,NOSUZ,Stamsund Havn,quay,68.120834,13.84
2460551,NOSVG,20E,quay,58.97243,5.74259
2460552,NOSVG,FKRA Hovedkai,quay,58.944645,5.754708
2460553,NOSVG,"Fiskå Mølle, Forus",quay,58.888306,5.750547
2460554,NOSVG,Forsand Sandkompani,quay,58.897835,6.091667
2460555,NOSVG,GMC Maritime - Kalhammaren,quay,58.9827,5.711467
2460556,NOSVG,GMC Maritime - Hinna,quay,58.920166,5.7415
2460557,NOSVG,GMC Yard - Buøy,quay,58.9835,5.725
2460558,NOSVG,Velde Asfalt Forus,quay,58.898167,5.751
2460560,NOSVG,01N,quay,59.022697,5.61956
2460561,NOSVG,BMI Produksjon Norge AS avd. Årdal i Ryfylke,quay,59.145,6.168
2460562,NOSVG,NCC INDUSTRY AS - Helle,quay,58.861668,6.147167
2460563,NOSVG,"Lossekai,Øst(Stavanger Havnesilo)",quay,58.972607,5.756339
2460564,NOSVG,Norsea Dusavik Berth 3,quay,58.99919,5.665345
2460565,NOSVG,Mibau Stema Jelsa,quay,59.373333,6.045
2460566,NOSVG,Norstone Årdal,quay,59.146667,6.166667
2460567,NOSVG,Norsk Stein AS avd. Dirdal,quay,58.83852,6.16773
2460568,NOSVG,Randaberg Industries AS,quay,59.0145,5.638833
2460569,NOSVG,Westport Stavanger,quay,58.9195,5.5865
2460570,NOSVG,Rosenberg Worley Instefjord quay,quay,58.98449,5.725568
2460571,NOSVG,Simon Møkster Shipping AS,quay,58.994,5.692667
2460572,NOSVG,"Risavika LNG terminal, Risavika",quay,58.924667,5.576667
2460573,NOSVG,Ferdigvarekai,quay,58.942387,5.754533
2460574,NOSVG,19,quay,58.924606,5.60424
2460575,NOSVG,04N,quay,59.023846,5.615593
2460576,NOSVG,01W,quay,58.97461,5.731035
2460577,NOSVG,Tømmerodden,quay,58.9905,5.7235
2460578,NOSVG,Uno-X Forsyning,quay,58.965332,5.769167
2460579,NOSVG,38,quay,58.921,5.583331
2460580,NOSTE,Follafoss havneanlegg,quay,63.981335,11.1
2460582,NOSTE,Sørsikaia Steinkjer,quay,64.01215,11.483846
2460583,NOSTE,Steinkjer tankanlegg/Bogen,quay,64.012,11.466667
2460584,NOSTJ,Terminalkaia quay 1,quay,63.466694,10.884535
2460585,NOSTK,Melsomvik kornsilo,quay,59.212334,10.342667
2460586,NOSKN,Nordnesterminalen,quay,68.57083,14.912
2460587,NOSKN,Skretting AS,quay,68.575,14.947333
2460588,NOSTU,"Stureterminalen, Øygarden",quay,60.623333,4.859167
2460589,NOSUN,Hammerkaia,quay,62.676666,8.520333
2460590,NOSUN,Hydro Aluminium sunndal,quay,62.683334,8.548333
2460591,NOSVE,Bremanger Quarry AS,quay,61.77183,5.160833
2460592,NOSVE,Elkem Bremanger Smelteverk,quay,61.7735,5.293833
2460593,NOSVE,Kalvåg kai,quay,61.765724,4.882698
2460594,NOSVV,Juve Pukkverk AS,quay,59.63983,10.3965
2460595,NOSVV,Norgips Norge AS,quay,59.6915,10.324167
2460596,NOSVJ,Svolvær Havn Øst,quay,68.23041,14.566779
2460597,NOSVJ,Svolvær Havn Vest,quay,68.2347,14.543293
2460598,NOSVJ,Svolvær industrial quay east,quay,68.229,14.5615
2460599,NOSYK,Ekornes AS,quay,62.386017,6.558387
2460600,NOTAA,Elkem Tana,quay,70.4715,28.485832
2460601,NOTAE,ConocoPhillips Quay6,quay,58.92876,5.596302
2460602,NOTAU,"Fiskå Mølle, Fiskå kai 1",quay,59.11665,6.001347
2460604,NOTAU,Mibau Stema Norge - Tau,quay,59.088688,5.903763
2460605,NOTAU,Vestkorn Milling AS,quay,59.0635,5.912167
2460606,NOTHA,Thamshavn,quay,63.32083,9.878333
2460608,NOTON,Agility Subsea Fabrication,quay,59.2675,10.396
2460609,NOTON,Kanalen Havneterminal,quay,59.260674,10.41807
2460611,NOTON,Slagen Marine Terminal,quay,59.3265,10.5145
2460612,NOTRA,Galtneset kai,quay,66.502335,12.102333
2460613,NOTOS,Bunker Oil havneanlegg,quay,69.65467,18.970167
2460614,NOTOS,Fornes havneanlegg,quay,69.597664,19.896
2460615,NOTOS,Hjellnes Havneanlegg,quay,69.60833,19.737333
2460616,NOTOS,Kaldfjord havneanlegg,quay,69.68767,18.732
2460617,NOTOS,Lanes havneanlegg,quay,69.63517,18.935167
2460618,NOTOS,Sommarøy havneanlegg,quay,69.63467,18.000168
2460619,NOTOS,Tromsø Bunkerdepot,quay,69.65884,18.9725
2460620,NOTOS,Breivika Quay 21,quay,69.676865,18.985258
2460621,NOTOS,Pelagia Tromsø,quay,69.6285,18.948833
2460622,NOTOS,Nor-Lines havneanlegg,quay,69.704,19.020332
2460623,NOTOS,Prostneset Quay 7,quay,69.6469,18.960453
2460624,NOTOS,Skjelnan Depot,quay,69.69767,19.078167
2460625,NOTOS,Tromsø Fiskeindustri AS,quay,69.671165,18.976
2460626,NOTOS,Troms fryseterminal AS,quay,69.62683,18.945
2460627,NOTOS,Bukta Nord AS,quay,69.657166,18.968666
2460628,NOTRD,Esso Høvringen lager,quay,63.44394,10.345808
2460629,NOTRD,Fagervika Terminal,quay,63.43982,10.349434
2460630,NOTRD,Ila Pir quay 27,quay,63.432438,10.369181
2460632,NOTRD,Kullkranpiren quay 46,quay,63.4425,10.4205
2460633,NOTRD,Kullkranpiren quay 49,quay,63.441727,10.422538
2460634,NOTRD,Ladehammerkaia quay 55,quay,63.44317,10.424667
2460635,NOTRD,Ladehammerkaia quay 57,quay,63.444168,10.421
2460636,NOTRD,Pir I quay 1,quay,63.442,10.406667
2460637,NOTRD,Pir II quay 6,quay,63.438416,10.40878
2460638,NOTRD,Transittkaia quay 42,quay,63.4425,10.417641
2460639,NOTRD,Turistskipskaia quay 68,quay,63.441166,10.398333
2460640,NOTYF,Drag industrikai,quay,68.04733,16.077168
2460641,NOULS,Kleven Verft,quay,62.323666,5.844167
2460642,NOULS,Myklebust Verft,quay,62.221333,5.642667
2460643,NOULS,Kongsberg Maritime  Propulsion Ulsteinvik,quay,62.342167,5.836
2460644,NOULS,Ulstein Verft,quay,62.3395,5.824667
2460645,NOVDS,Vadsø Havneanlegg,quay,70.07083,29.737667
2460647,NOVEY,Værøy Fryseterminal,quay,67.65783,12.701167
2460648,NOVGN,Hopen Fisk AS,quay,68.19312,14.347106
2460650,NOVER,Verdal Hovedkai,quay,63.785984,11.440264
2460651,NOVST,Felleskjøpet Agri Vestnes,quay,62.5775,7.121333
2460652,NOVST,Vard Langsten,quay,62.585167,6.929667
2460653,NOVST,Skorgenes Kai,quay,62.575,7.1255
2460655,NOKKN,"Sentrumskaia, Kirkenes",quay,69.7295,30.040667
2460656,NOKKN,Kimek havneanlegg,quay,69.72884,30.034012
2460657,NOHIT,Hitra Kysthavn Ro-Ro kai 2,quay,63.515,9.1115
2460658,NOVER,Deep water dock. Aker Solutions harbor facility,quay,63.790833,11.435
2460660,NOHRI,Hareid Service Base,quay,62.3675,6.037667
2460661,NOHVG,Kai Nord,quay,70.98417,25.964666
2460662,NOSVG,Mælsosen havneanlegg,quay,58.85867,6.152
2460663,NOSRP,Ølen Betong AS - Leirvik,quay,59.778667,5.5115
2460665,NOOKF,Polarfeed havneanlegg,quay,70.238335,22.346666
2460666,NOVDA,Steinsvik Olivine AS,quay,62.009,5.856333
2460667,NOSRN,Vital Seafood,quay,62.313168,6.946
2460668,NOKVD,"Green Yard AS, Angholmen",quay,58.26085,6.841493
2460669,NOASV,Bekkjarvik Fiskerihamn AS,quay,60.00733,5.207
2460670,NOVAO,Svartnes havneanlegg,quay,70.364334,31.03
2460671,SJLYR,"Bykaia, Longyearbyen",quay,78.22933,15.601667
2460672,SJSVE,Kapp Amsterdam Godskaia,quay,77.85817,16.656334
2460673,SJSVE,Kapp Amsterdam Kullkaia,quay,77.85733,16.646334
2460674,SJLYR,"Kullkaia, Longyearbyen",quay,78.24333,15.543
2460675,SJLYR,Tenderkaia på Bykaia,quay,78.2295,15.595167
2460676,SJNYA,Ny-Ålesund havneanlegg,quay,78.92883,11.935833
2460677,NOASY,BMO Havneanlegg avd. Askøy,quay,60.468666,5.107667
2460678,NOBGO,AS Mekanikk Gravdal,quay,60.39327,5.254452
2460679,NOGUL,Kattahamrane,quay,61.7821,6.19342
2460680,NOSRP,Sliskekai,quay,59.78533,5.529833
2460681,NOGUL,Puma Energy Norway AS,quay,60.843834,5.0655
2460682,NOMYO,Biomar Myre,quay,68.913,15.064167
2460683,NOSLV,Kai 5 - kai 6 - Wergeland Base AS - Gulen industrihavn,quay,60.8465,5.06633
2460684,NOGUL,PSW Spoolbase,quay,60.8355,5.08583
2460686,NOHOA,Wacker Chemicals Norway AS Holla Metall,quay,63.3197,9.145
2460687,NOADN,Nato kai,quay,69.32617,16.13967
2460688,NOMYO,Kartneset terminal 1,quay,68.9125,15.055556
2460689,NOMYO,Myre Fryseterminal,quay,68.91083,15.07867
2460690,NOEVT,Evenestangen Havneanlegg,quay,68.45517,16.723
2460691,NOTOS,Asfaltkaien Tromsø,quay,69.699,19.03533
2460692,NOTOS,IMES havneanlegg,quay,69.64702,18.9803
2460693,NOTOS,Grøtsund havneanlegg,quay,69.74667,19.14
2460694,NOHBT,Hamnbukt havneanlegg,quay,70.093124,25.075125
2460695,NOSOJ,Sørkjosen havneanlegg,quay,69.794,20.94217
2460696,NODRM,Lierstranda Tømmerterminal,quay,59.745,10.2563
2460697,NOSLM,Heidelberg Materials Slemmestad,quay,59.78317,10.499
2460698,NOKRA,Snekkevik Kvartsbrudd,quay,58.861332,9.301833
2460699,NOTON,Vallø Havneanlegg,quay,59.25867,10.49167
2460700,NOKRS,Sjøkurs,quay,58.1173,8.106167
2460701,NOHRS,Harøysund fiskerikai,quay,62.88417,6.96067
2460702,,Gammelkaia,quay,78.227,15.62517
2460703,NOVAL,Syltemoa Sandtak kai,quay,62.2975,7.265333
2460704,NOOSY,Hammernesodden,quay,64.354836,11.270667
2460705,NOAES,Humla havneanlegg,quay,62.4485,6.277833
2460706,NOSLX,Holmen industriområde havneanlegg,quay,68.73472,15.518611
2460708,NOBGO,Nygårdsviken havneanlegg,quay,60.39415,5.271798
2460709,NOMAY,Ulvesund,quay,61.94306,5.144776
2460710,NOHJL,Norstone Jøsenfjorden,quay,59.32128,6.446419
2460711,NOHRD,Seljestad havneanlegg,quay,68.791664,16.546667
2460712,NOBJU,Mowi Feed AS,quay,63.816692,9.635489
2460713,NOMAN,Berth 221 (Tømmerkaien),quay,58.018417,7.500694
2460714,NOMOS,Dalaneset Mosterhamn havneanlegg,quay,59.700657,5.389759
2460715,NOKSU,"Vartdal Gjenvinning AS, avd. Kristiansund",quay,63.0908,7.77403
2460716,NOVTL,"Vartdal Gjenvinning AS, avd. Vartdal",quay,62.313175,6.101167
2460717,NOMJF,Halsøy kai,quay,65.859764,13.184882
2460718,NOLOE,Loen tenderkai,quay,61.87429,6.838201
2460719,NOTOS,Grimsholm Havneanlegg,quay,69.67384,18.979816
2460720,NOBOO,Terminalkai Sør,quay,67.28777,14.389538
2460721,NOFFB,Finnsnes Regionhavn,quay,69.21864,18.072817
2460722,NORIS,Dampskipsbrygga,quay,58.718166,9.2405
2460723,NOHRD,Seaworks Harstad,quay,68.788475,16.542427
2460724,,Eresfjorden tender,quay,62.69027,8.121144
2460725,,Norscrap port 34,quay,60.441517,5.102572
2460727,,HCT 1 S (5-0342),quay,59.337048,5.30656
2460729,,HCT Bulk (5-0331),quay,59.340973,5.310454
2460730,,"HCT, export (5-0361)",quay,59.338108,5.299564
2460731,,Killingøy W (3-0211),quay,59.421574,5.247262
2460732,,Killingøy E (3-0212),quay,59.421665,5.249606
2460733,,Killingøy mainland S (3-0222),quay,59.42179,5.253592
2460734,,Killingøy mainland W (3-0221),quay,59.421906,5.251725
2460735,,Garpeskjær 2 (3-0522),quay,59.410984,5.257324
2460736,,Garpeskjær 3 (3-0522),quay,59.41178,5.255704
2460737,,Garpeskjær 5 (3-0525),quay,59.412563,5.256305
2460738,,Garpeskjær 6 (3-0526),quay,59.41246,5.257195
2460739,,Garpeskjær 7 (3-0527),quay,59.41154,5.259223
2460740,,Indre Kai N/S (3-061),quay,59.412197,5.267559
2460741,,DSK 4 (5-0714),quay,59.28387,5.31596
2460742,,DSK 5 (5-0715),quay,59.283672,5.314919
2460743,,DSK 6 (5-0716),quay,59.2837,5.314147
2460744,,Norscrap port 35,quay,60.440777,5.103723
2460745,,Bøvågen - anchorage,quay,59.36032,5.29692
2460747,,Krana dypvannskai,port_facility,58.727634,9.228122
2460748,,Ila Pir quay 26,quay,63.43226,10.372668
2460749,,Ila Pir quay 28,quay,63.432854,10.366917
2460750,,Ila Pir quay 29,quay,63.433308,10.365168
2460751,,Ila Pir quay 30,quay,63.43363,10.36387
2460752,,Transittkaia quay 41,quay,63.44191,10.417122
2460753,,Transittkaia quay 43,quay,63.443085,10.418313
2460754,,Pir II quay 7,quay,63.439106,10.409322
2460756,,Trekaia quay 3,quay,63.465145,10.882046
2460757,,Orkanger Vigorkaia quay 3,quay,63.31678,9.843323
2460758,,Orkanger Stenakaia quay 4,quay,63.31871,9.84944
2460759,,Pir I quay 2,quay,63.443134,10.406973
2460760,,Pir II quay 8,quay,63.44009,10.410148
2460761,,Pir II quay 9,quay,63.44083,10.410823
2460763,,Pir II quay 10,quay,63.441494,10.411419
2460764,,Pir II quay 12,quay,63.442513,10.412293
2460765,,Pir II quay 11,quay,63.441967,10.411805
2460766,,Pir II quay 13,quay,63.443142,10.412798
2460767,,"Hordafor AS, Brettsnes",quay,68.23142,14.849154
2460768,,Strandveikaia quay 52,quay,63.440445,10.423693
2460769,,Strandveikaia quay 54,quay,63.442783,10.425693
2460770,,Strandveikaia quay 53,quay,63.442013,10.425012
2460771,,"Myre Fiskemottak AS, Gimsøy",quay,68.282585,14.268338
2460772,,Henningsvær Allmenningskai,quay,68.15535,14.212319
2460774,,Piren,quay,58.85716,5.745273
2460775,,Mibau Stema Jelsa Ship loader North,quay,59.37733,6.04644
2460776,,Mibau Stema Jelsa Ship loader South,quay,59.37355,6.044099
2460777,,Mibau Stema Jelsa Timber berth,quay,59.37179,6.045687
2460778,,20,quay,58.924652,5.601718
2460779,,21,quay,58.924416,5.60007
2460780,,22,quay,58.924488,5.598619
2460781,,24,quay,58.924404,5.596146
2460782,,02N,quay,59.023888,5.6173
2460783,,21E,quay,58.97291,5.74359
2460784,,05W,quay,58.972458,5.729485
2460785,,15W,quay,58.972755,5.726911
2460786,,16W,quay,58.97363,5.726292
2460787,,17W,quay,58.97446,5.725705
2460788,,18W-S,quay,58.975185,5.724954
2460789,,18W-N,quay,58.97595,5.723496
2460790,,21W,quay,58.977825,5.721196
2460791,,Laukvik Allmenningskai,quay,68.3866,14.414992
2460792,,Kommunekaia,quay,58.120224,7.045725
2460793,,Midsund Fiskerikai,quay,62.67444,6.673643
2460794,,Håsundet Kai,quay,62.894306,6.954864
2460795,,Nautneset Industrikai,quay,62.81368,6.906063
2460798,NOZFQ,Freberg ankring,anchorage,59.45546,10.384483
2460800,,dock area,quay,60.44254,5.100552
2460801,,Norscrap / Semco 17 m quay,quay,60.440563,5.100976
2460802,,Semco 20 m quay,quay,60.43709,5.102349
2460803,,Norscrap / Semco ro ro ramp,quay,60.43961,5.101845
2460804,,Kabelvåg Allmenningskai,quay,68.20965,14.484323
2460805,,Modulkaia,quay,63.413925,8.67455
2460806,,Produktkai,quay,63.414577,8.691545
2460808,,Vestre Kai,quay,59.123184,9.616999
2460809,,Piren,quay,59.11954,9.619585
2460810,,Herøya Industripark,quay,59.118504,9.620916
2460811,,Hovedkai,quay,59.11677,9.624004
2460812,,Kai 1,quay,59.1152,9.631151
2460813,,Kai 2,quay,59.11342,9.634486
2460814,,Norsk fisketransport kai 1,quay,64.858696,11.285513
2460815,,Eidså sag,port_facility,62.115543,5.678162
2460816,,Fiskåholmen,port_facility,62.094933,5.548531
2460819,,Vartdal Gjenvinning AS avd. Florø,port_facility,61.611942,5.106389
2460822,,Franzefoss Hareid havneanlegg,port_facility,62.38789,6.029028
2460824,,Riggkaien,quay,59.4063,5.266362
2460825,,kai nord isps,quay,59.397152,5.268819
2460826,,kai sør isps,quay,59.396545,5.269641
2460827,,Franzefoss Hareid Havneanlegg,quay,62.38333,6.016667
2460828,,Filipstad Vest Nykaia,quay,59.906036,10.709607
2460829,,Vippetangen,quay,59.90433,10.737667
2460830,,Fiskåholmen Barge Quay,quay,62.09543,5.549336
2460831,,Fiskåholmen Main Quay,quay,62.094875,5.548525
2460832,,Eidså sag,quay,62.11558,5.678276
2460833,,Vestre kai,quay,60.430817,6.42453
2460836,,Søndre Kongshavn,quay,59.890823,10.758267
2460837,,KATTEGAT,quay,59.738605,10.238587
2460838,,Heidelberg Materials AS Betong,quay,60.385754,5.307999
2460840,,HOLMEN SYD OLJE,quay,59.733112,10.228116
2460841,,MYRA KAIA,quay,59.731415,10.225424
2460842,,KRANBRYGGA,quay,59.73257,10.223274
2460843,,TOLLBUKAIA,quay,59.733765,10.221345
2460844,,TOLLBUNOKKEN,quay,59.73403,10.21995
2460845,,Berth 20 NOKRS-0002,quay,58.1405,7.991333
2460846,,Berth 36 NOKRS-0016,quay,58.15747,8.036722
2460847,,Berth 1B NOKRS-0003,quay,58.14359,7.98628
2460848,,Berth 6 A,quay,58.142723,7.991389
2460849,,Berth 12,quay,58.139584,7.995694
2460850,,Berth 2 NOKRS-0003,quay,58.144302,7.98937
2460851,,Berth 2B NOKRS-0003,quay,58.143215,7.984853
2460852,,Berth 2A NOKRS-0003,quay,58.14186,7.983018
2460853,,Berth 1 NOKRS-0003,quay,58.144623,7.987052
2460855,,Skidkai,quay,59.40937,5.261164
2460861,,Quay 2 south,quay,60.38859,5.298791
2460862,,Quay 3,quay,60.389046,5.297382
2460863,,Quay 6,quay,60.389126,5.294663
2460864,,Quay1,quay,60.388,5.296596
2460865,,Quay 1,quay,60.38801,5.297937
2460868,,Kai 1 Sløvåg,quay,60.852932,5.066997
2460870,,Egersund Net,quay,64.86425,11.249347
2460871,,Måneset terminal,quay,64.938156,11.474154
2460873,,RoRo kai,quay,59.876217,5.769333
2460874,,Quay 3,quay,60.851017,5.069414
2460876,,Råvarekai,quay,58.94293,5.754185
2460878,,Råstoffkaia,quay,63.716667,11.155
2460880,,Stilnestangen,quay,58.875847,9.41859
2460881,,Kai 2 Norgeskaien,quay,64.33971,10.50362
2460883,,Ro Ro quay,quay,59.315376,5.322875
2460884,,Steinshamn grus/sandskute kai,quay,62.783302,6.478977
2460885,,Nils S. Hansen AS,quay,62.78818,6.474726
2460886,,Steinshamn Fiskerikai,quay,62.78691,6.473142
2460887,,Rostein 1,quay,62.788445,6.469821
2460888,,Rostein 2,quay,62.78891,6.470884
2460889,,Rostein 3,quay,62.788967,6.473377
2460891,,Berth 10 NOKRS-0002,quay,58.138832,7.991333
2460892,,Berth 21 NOKRS-0002,quay,58.140556,7.989
2460893,,Berth 3 NOKRS-0002,quay,58.142082,7.991778
2460895,,Stranda Prolog (Heinsa mekaniske),quay,63.11839,7.769848
2460897,,Nordmøre Fiskeindustri Averøy,quay,63.05358,7.438647
2460899,,Raudsand betong Averøy,quay,63.070114,7.665711
2460900,,Hordafor Averøy,quay,63.05467,7.442868
2460903,,Norsea Dusavik Berth 1,quay,58.998898,5.669886
2460904,,Norsea Dusavik Berth 2A,quay,58.99887,5.668374
2460905,,Norsea Dusavik Berth 2B,quay,58.999245,5.666303
2460906,,Norsea Dusavik Berth 4,quay,58.99937,5.664425
2460907,,Norsea Dusavik Berth 5,quay,58.999493,5.663921
2460908,,Norsea Dusavik Berth 6,quay,58.999687,5.663052
2460909,,NorSea Tananger - Quay 3,quay,58.928337,5.588702
2460910,,NorSea Tananger - Quay 4,quay,58.928215,5.590634
2460911,,NorSea Tananger - Quay 5,quay,58.92836,5.593981
2460912,,Fiskeoppdrettslokaliteter Smøla,quay,63.41849,8.225793
2460913,,Fiskeoppdrettslokaliteter Averøya,quay,63.04132,7.675297
2460914,,Fiskeoppdrettslokaliteter Aure,quay,63.280663,8.410037
2460915,,Fiskeoppdrettslokaliteter Halsa,quay,63.05585,8.22152
2460916,,Fiskeoppdrettslokaliteter Hitra,quay,63.59893,9.158693
2460917,,Fiskeribasen Sør,quay,63.120724,7.761141
2460919,,Aslaksvik kai,quay,59.78516,5.526417
2460920,,Kai Valevåg,quay,59.78717,5.53191
2460924,,B-35. Nordasfalt Burøya,quay,67.288536,14.374691
2460926,,Langskjæret,quay,67.2901,14.372277
2460927,,Klossen,quay,67.29219,14.398262
2460929,,Mottakskaia,quay,67.295334,14.389014
2460930,,Aukan gamle fergekai,quay,63.228683,8.231544
2460931,,Allmenningskai,quay,68.07122,13.537866
2460939,,NorSea Polarbase Quay 2,quay,70.63105,23.651035
2460940,,NorSea Polarbase Quay 4,quay,70.62875,23.641294
2460941,,NorSea Polarbase Quay 5,quay,70.62732,23.639597
2460942,,Konstruksjonskaia (Construction Quay),quay,70.681885,23.588957
2460943,,Brønnøy Kalk Havneanlegg,quay,65.36462,12.476132
2460944,,Møhlenpriskaien,quay,60.38329,5.319889
2460945,,Bradbenken,quay,60.39808,5.31891
2460946,,Nykirkekaien Sør 3,quay,60.39793,5.314597
2460947,,Bryggen,quay,60.396687,5.323232
2460948,,Munkebryggen Syd,quay,60.397297,5.316359
2460951,,Jetty 7,quay,60.822376,5.018403
2460953,,Elkem ASA Mårnes Kvartsittbrudd,quay,67.13883,14.135314
2460955,NOHIT,Kvernhusvika,harbour,63.638332,8.805
2460956,,Quay 0 AHV mob/demob,quay,60.853508,5.033726
2460957,,Vika grustak,quay,67.1193,14.979314
2460958,,Kai 2 - Skien Havneterminal,quay,59.12218,9.564242
2460960,,Jetty 1,quay,59.27102,5.496708
2460961,,Jetty 3,quay,59.27194,5.502339
2460962,,Module / RORO Jetty,quay,59.271843,5.504946
2460963,,Tugboat Jetty,quay,59.273613,5.484926
2460965,,Terminalkai nord,quay,67.292534,14.39941
2460966,,Fergekai,quay,67.438644,14.762243
2460967,,Kjerringøy kai,quay,67.5216,14.761467
2460968,,Misten fergekai,quay,67.45272,14.72991
2460969,,Sørvær kai,quay,67.40665,13.90245
2460970,,Lillebrekken,quay,67.285095,14.377615
2460971,,Dampskipskaia,quay,67.28448,14.37548
2460972,,Biomar Vest,quay,59.335094,5.299923
2460973,,Utrustningskaia Verdal,port_facility,63.787148,11.437674
2460976,NOTYV,Slåttevik,harbour,59.313168,5.460833
2460977,,Utrustningskaia Verdal,quay,63.787193,11.437677
2460978,NOTYV,Skjoldastraumen,harbour,59.4265,5.622167
2460979,NOBOK,Knarholmen,harbour,59.210766,5.46325
2460980,NORUB,Brubakken,harbour,59.80932,5.253067
2460981,NOBOM,Espevær,harbour,59.59083,5.154733
2460982,NOBOM,Eidesvik,harbour,59.5952,5.185083
2460983,,Abelnes Ro-ro Kai,quay,58.23891,6.657316
2460984,NORVR,Røvær,harbour,59.4396,5.091833
2460985,NOVIB,Vibrandsøy,harbour,59.4128,5.252617
2460986,NORIO,Risøya,harbour,59.4096,5.260417
2460987,NOHAO,Hasseløya,harbour,59.420033,5.251217
2460988,,Quay 1 (paper),quay,59.117,11.377
2460989,,Dokk,quay,59.407364,5.263955
2460990,,Quay 2 (container),quay,59.115696,11.374896
2460991,,Quay 3 (clay/carbonate),quay,59.11285,11.373942
2460992,NO888,Storegrunn,location_at_sea,59.753628,10.553742
2461001,,Krana dypvannskai,quay,58.727634,9.228122
2461003,,Mowi Nutrition Hjelmeland,port_facility,59.22069,6.120598
2461005,,Quay 2,quay,60.85694,5.033417
2461077,,Nordhammervika havneanlegg,port_facility,63.71105,8.845057
2461078,,Monstad Industrikai,port_facility,63.953213,10.169398
2461084,,Fugleskjærskaia Quay A,quay,61.60146,5.022907
2461085,,Fugleskjærskaia Quay D,quay,61.601852,5.025611
2461089,,Fiskerikaia havneanlegg,port_facility,69.69023,19.015793
2461090,,Floating Pier South Jetty,quay,69.64444,18.95601
2461092,NOZHZ,Høyevarde -  Karmsundet ankring,anchorage,59.329685,5.307427
2461094,,Quay 1 South (NON ISPS),quay,69.64461,18.953157
2461095,,Quay 1 (NON ISPS),quay,69.64571,18.954165
2461096,,Quay 2 (NON ISPS),quay,69.64624,18.955423
2461097,,Quay 3 (NON ISPS),quay,69.64685,18.95717
2461098,,Quay 6 (NON ISPS),quay,69.64672,18.958242
2461099,,Quay 12 (NON ISPS),quay,69.651566,18.961054
2461100,,Quay 20 (NON ISPS),quay,69.6758,18.982838
2461101,,Swerock bulk offloading area Breivika (NON ISPS),quay,69.683876,19.008844
2461102,,Teplingan grus AS,quay,64.94648,12.295199
2461104,,Breivika Quay 22,quay,69.67743,18.987177
2461105,,Breivika Quay 23,quay,69.678024,18.989195
2461106,,Breivika Quay 24,quay,69.67867,18.991245
2461107,,Breivika Quay 25,quay,69.67977,18.996546
2461108,,Prostneset Quay 8,quay,69.64884,18.962643
2461118,,Kai 2,quay,69.53309,19.023005
2461119,,Hundbergan Kai,quay,69.54322,19.037186
2461126,,RoRo-Quay North,quay,68.41871,15.997675
2461128,,Norwest Marine Service as,port_facility,59.340534,5.287285
2461129,,Norwest MarineService AS,quay,59.34027,5.300282
2461130,,Fiskerikai,quay,61.76535,4.884094
2461131,,Svelgen kommunale kai,quay,61.769955,5.290912
2461132,,Leirgulen kommunal kai,quay,61.861374,5.311393
2461133,,Amtskaia kommunal,quay,61.766598,4.879342
2461136,NO888,Seihaug - grunnen ankring,anchorage,69.808334,19.558332
2461139,,Veidekke industrier kai 2,quay,63.09053,7.770985
2461142,,Rekefjord Stone kai 1,quay,58.327744,6.260675
2461143,,Rekefjord Stone  kai 2,quay,58.32863,6.261448
2461144,,Rekefjordstone kai 3,quay,58.33,6.257667
2461153,,Eksportkaia,quay,69.72423,30.022646
2461154,,Trekaia (Tug Boat Quay NON ISPS),quay,69.72685,30.030148
2461158,,Glærum kalksteingruve,port_facility,62.99025,8.603907
2461159,,Fugleskjærskaia Quay E,quay,61.60204,5.02789
2461160,,EWOS Quay A (hopper),quay,61.584034,5.004565
2461164,,Kråkøya Havneterminal,port_facility,64.883354,11.29805
2461165,,RoRo Quay,quay,62.73598,7.184843
2461166,,Speira Recycling Services Norway,quay,62.84282,8.12535
2461170,,Charging dock - South. Aker Soltions harbor facility (Veslefrikk),quay,63.793346,11.435407
2461171,,Charging dock - North. Aker Solutions harbor facility (Gyda),quay,63.79427,11.435396
2461174,,Utrustningskai,quay,59.40699,5.26533
2461177,,Hammaren,quay,67.297966,14.389109
2461182,NOVIF,Vindafjord,harbour,59.54159,5.867783
2461184,,Eksport Quay,quay,61.233196,7.710524
2461186,,Hovlandterminalen,port_facility,58.43762,5.978704
2461215,,"Industrikaien, Kai 2",quay,58.083435,6.792219
2461216,,Cruise Anchor,quay,58.092304,6.817003
2461227,,Nordfjordeid  Cruisehavn,port_facility,61.90473,5.98676
2461232,,Quay 4B,quay,60.861256,5.031345
2461535,SJZRI,Rijpfjorden,location_at_sea,80.293335,22.323334
2461545,NORSE,Rosendal Cruisehavn,quay,59.986828,6.002788
2461547,NOJOS,Titania AS Joessingfjord Port - Holmen kai,quay,58.318657,6.343871
2461548,NO888,NORDKAPP,location_at_sea,71.1765,25.803333
2461555,,Reno-Vest Bremnes,port_facility,68.85402,15.388736
2461560,NOODD,Eksportkaien,quay,60.071793,6.5477
2461561,NOODD,Cruisekai,quay,60.070965,6.546434
2461564,SJZVR,Verlegenhuken,location_at_sea,80.08833,16.313334
2461565,SJZSF,Sorgfjorden,location_at_sea,79.89,16.836666
2461566,SJZKV,Kinnvika ankring,anchorage,80.043335,18.223333
2461567,SJZFV,Faksevågen ankring,anchorage,79.54833,17.691668
2461568,SJZWF,Wahlenbergfjorden,location_at_sea,79.71833,20.965
2461569,SJZPB,Palanderbukta ankring,anchorage,79.555,21.036667
2461570,SJZAB,Augustabukta ankring,anchorage,79.39667,20.695
2461571,SJZBJ,Bjørnsundet,location_at_sea,79.011665,20.18
2461572,SJZEB,Einhyrningsbukta ankring,anchorage,78.59333,21.523333
2461573,SJZFS,Freemansundet,location_at_sea,78.24167,22.113333
2461574,SJZKL,Kapp Lee Ankring,anchorage,78.095,20.745
2461579,,Vingvågen Havn,port_facility,63.518272,9.29743
2461582,NOFRK,Denofa Havn 4,quay,59.19149,10.950231
2461583,NOFRK,Godskaia north,quay,59.190582,10.950528
2461584,NOFRK,Dry Bulk,quay,59.18527,10.952442
2461585,NOFRK,RoRo North,quay,59.184414,10.952542
2461586,NOFRK,RoRo South,quay,59.184032,10.952903
2461587,NOFRK,Warehouse 3,quay,59.186646,10.951947
2461588,NOORS,Bjørke,location_at_sea,62.12636,6.563645
2461590,NOSMO,Nerdvika,quay,63.352116,8.16149
2461606,NO888,Nordfjord,location_at_sea,61.916668,5.516667
2461607,NO888,Hjørundfjorden,location_at_sea,62.25,6.488333
2461610,NOSLX,Sortland Terminalkai - T4,quay,68.69906,15.420358
2461611,NOSLX,Sortland Terminalkai - T3,quay,68.69966,15.419961
2461613,NO888,Korsfjorden,location_at_sea,60.15,5.066667
2461619,NOMAY,Skramskai,quay,61.935013,5.115297
2461635,NOKRS,Berth 180,quay,58.077812,8.012942
2461637,,Knarrevik Næringspark,port_facility,60.37018,5.161657
2461638,NOHRD,Stangnes Kai 3,quay,68.78072,16.595736
2461643,NOKSU,Vestbase Quay 2,quay,63.104927,7.768904
2461644,NOKSU,Vestbase Quay 4,quay,63.103916,7.775116
2461645,NOKSU,Vestbase Quay 5,quay,63.103893,7.777648
2461646,NOKSU,Vestbase Quay 6 West,quay,63.103878,7.780282
2461647,NOKSU,Vestbase Quay 7,quay,63.104263,7.785072
2461648,NOKSU,Vestbase Quay 8,quay,63.104553,7.791746
2461649,NOKSU,Vestbase Quay 7 East,quay,63.10442,7.787261
2461650,NOKSU,Vestbase Quay 9,quay,63.104473,7.79638
2461651,NOKSU,Vestbase Quay 6 East,quay,63.103867,7.782369
2461655,NOSIP,Quay 4,quay,60.860184,5.032086
2461658,NORVK,Kråkøy kaianlegg,quay,64.88316,11.2972
2461661,NOKYR,Grøtvågen,quay,63.309986,9.085691
2461663,NOSSS,Nordhammarvik quay 1,quay,63.710033,8.842125
2461664,NOZNF,Hemnskjela ankring,anchorage,63.486,9.093167
2461666,,Stilnestangen Havneanlegg,port_facility,58.875866,9.418584
2461669,NORVK,Sinkaberg-hansen Slakteri,quay,64.854195,11.244135
2461673,NOELN,Omya Hustadmarmor AS  Quay1,quay,62.848164,7.111928
2461674,NOKAT,Kattfjord,location_at_sea,69.63333,18.391666
2461675,NOVKK,Vikkilen ancorage area,quay,58.333332,8.6
2461677,NOSLX,Bremnes kai,quay,68.85402,15.388736
2461683,,Stranda Prolog,port_facility,63.118393,7.76982
2461684,NOEGE,Hovlandsterminalen,quay,58.43796,5.979047
2461687,NOKRV,SE - Quay A,quay,60.370842,5.160105
2461688,NOKRV,SE - Quay NG,quay,60.369175,5.162365
2461689,NOKRV,SE - Quay B,quay,60.370358,5.16159
2461692,NOZVJ,Visten,location_at_sea,65.73909,12.541237
2461694,,Karmsund Protein AS,port_facility,59.337334,5.29089
2461703,NOAES,Flatholmen 7 - Celsa - NOAES-0009 (NOAES),quay,62.47864,6.196935
2461707,,Raudsand havneanlegg,port_facility,62.842686,8.125392
2461712,NOAES,Flatholmen 4 - Bring - NOAES-0009 (NOAES),quay,62.479904,6.191399
2461713,NOAES,Flatholmen 5 - GC Rieber - NOAES-0009 (NOAES),quay,62.47947,6.192858
2461714,NOSSJ,Kai 1,quay,66.025635,12.670224
2461715,NOSSJ,Kai 3,quay,66.02446,12.664795
2461716,NOSSJ,Holmen,quay,66.02485,12.635974
2461725,NOBNN,Sørkaia,quay,65.47398,12.209514
2461726,NOFAN,"Flytekaien, Kai 15",quay,58.080063,6.778502
2461727,NOBNN,Tverrøya,quay,65.45171,12.211936
2461728,NOBNN,Måsøya,quay,65.49127,12.169708
2461729,NOBNN,Mortensøya,quay,65.450935,12.561439
2461730,NOBNN,Toftsundet,quay,65.46996,12.13323
2461734,,Trollneset havneanlegg,port_facility,69.01969,16.543362
2461735,,Tytebærvika havneanlegg,port_facility,69.598526,19.960806
2461736,NOSVG,02W,quay,58.97434,5.729753
2461737,NOSVG,03W,quay,58.973843,5.729217
2461738,NOSVG,04W,quay,58.97331,5.729141
2461739,NOSVG,06W,quay,58.971455,5.730086
2461745,,Gustav Stokke AS,port_facility,62.501526,6.400631
2461746,,Færder Syd Losbordingspunkt,pilot_boarding,59,10.416667
2461747,NOZSG,Struten Losbordingsfelt,pilot_boarding,59.126667,10.72
2461748,NOZHA,Hvaler Losbordingsfelt,pilot_boarding,59.051666,10.783333
2461749,NOZYV,Ytre Vidgrunnen losbordingspunkt,pilot_boarding,59.02833,10.851667
2461750,NOZSH,Sekken losbordingspunkt,pilot_boarding,58.976665,11.045
2461754,NONZF,Brekke,harbour,61.019436,5.461987
2461756,NOLEA,Nykaia,quay,61.12382,5.330455
2461758,NOAES,Skansekaia Syd - NOAES-0022,quay,62.47476,6.153734
2461759,NOAES,Skansekaia Vest - NOAES-0022,quay,62.47504,6.150526
2461760,NOAES,Skutvika - Fiskerikai - NOAES-0023,quay,62.469326,6.139913
2461761,NOAES,Skutvika - piren - NOAES-0023,quay,62.468174,6.141716
2461762,NOAES,Brunholmkaia,quay,62.473484,6.152482
2461772,NOTOS,Fiskerikaia - Kai 38 - Tromsøterminalen,quay,69.69023,19.015793
2461773,NOSND,Spildepollen,harbour,60.22754,5.058173
2461774,,Molgas Norway,port_facility,60.550243,4.8843
2461775,NOBOO,Kai Skjerstad,quay,67.2352,15.014467
2461782,NOSVG,"Lossekai,Vest(Stavanger Havnesilo)",quay,58.972908,5.755047
2461783,NOSVG,Lastekai Øst(Stavanger Havnesilo),quay,58.972355,5.755455
2461790,NOZFP,Årebrotsfjorden ankring,anchorage,61.615383,5.017667
2461801,NOHIT,Hitra industripark Jøsnøya,quay,63.511395,9.081735
2461803,NOAUE,Sletta Verft,quay,63.238922,8.485168
2461805,,Nergård Pelagic,quay,62.08139,5.325
2461811,NOHSO,Norwest Marine Service AS,quay,59.340645,5.28684
2461820,NOZLE,Lekaflaket Ankring,anchorage,65.07372,11.723785
2461823,,Vard Brattvaag,port_facility,62.59169,6.446035
2461826,NOHSO,"Haugesund Fishery Port, Biomar, non ISSC (5-0375)",quay,59.33804,5.29951
2462493,NOFRO,Flytebrygge ved Amfi,quay,61.60149,5.034982
2462494,NOVAY,Klovningen,harbour,62.179745,5.44218
2462498,NOMJF,Alcoa Pitch Quay,quay,65.85034,13.187675
2462499,NOMJF,Nyhavn,quay,65.85298,13.186838
2462500,NOMJF,Vestre kai,quay,65.85105,13.189692
2462501,NOMJF,Jernbanekaia,quay,65.851654,13.190593
2462502,NOMJF,Alcoa Bulk Quay,quay,65.85156,13.186162
2462503,NOKOL,Molgas Norway Energiparken Havneanlegg,quay,60.550014,4.884308
2462515,NOHLS,Røe industrikai,quay,63.06223,8.22976
2462519,NOHAR,Haramsøya,harbour,62.637558,6.27388
2462520,NOHSO,HCT 2 (5-0351),quay,59.337994,5.310358
2462537,,Pelagia Lovund havneanlegg,port_facility,66.366325,12.376871
2462538,,Fagervika Betonganlegg,port_facility,63.43693,10.352216
2462544,NOHSO,Karmsund Protein Kai 1,quay,59.337154,5.292855
2462553,NOSIP,Quay 7,quay,60.868233,5.028169
2462555,NOAVE,Hendvågen,quay,63.039787,7.486943
2462559,NO888,Solvorn,anchorage,61.3,7.256667
2462562,NOHES,Kuøya,quay,63.65083,9.027522
2462564,NO888,Skjellanger,anchorage,60.591167,4.9662
2462572,NOAUL,Aurland Ferjekai,quay,60.911724,7.188176
2462573,NOAUL,Aurland kjølekai,quay,60.906036,7.184319
2462574,NOFLA,Flåm Anchorage,quay,60.867428,7.132375
2462575,NOFLA,Flåm rutebåtkaier,quay,60.861958,7.114583
2462576,NOGUD,Gudvangen Ferjekai,quay,60.88136,6.841363
2462577,NOGUD,Gudvangen - Butikk-kai,quay,60.87998,6.844635
2462578,NOFLA,Flåm Yacht-flytekai,quay,60.86128,7.119561
2462579,NOSAU,"Sauda sentrum / ""Skipsekspedisjonen""",quay,59.6467,6.349733
2462584,NOKRS,Berth 0 NOZKS (Anchor),quay,58.13333,7.986111
2462596,NOKJK,Nordkraft Magasin kai Sørfjorden,quay,68.06451,16.659595
2462597,NOMAY,ICT Syd,quay,61.938263,5.120076
2462598,,Botnastranda Aust,port_facility,61.61204,5.110579
2462600,NOFAN,"Kommunekaien, kai 1",quay,58.0796,6.780073
2462601,NOFAN,"Torvkaien, tenderkai",quay,58.094776,6.805522
2462602,NOAVE,Macgregor Norway AS avd. Triplex,quay,63.046288,7.510354
2462604,NOSIT,Sørfjorden i Tysfjord,harbour,68.065,16.656668
2462610,NOSIP,Quay 8,quay,60.869167,5.02831
2462613,NOLOV,Aquarius - Lovund,quay,66.36608,12.377077
2462614,,Wergeland gruppen havneanlegg,port_facility,60.84698,5.069373
2462615,NOTRD,Betong Øst Fagervika,quay,63.43693,10.352216
2462619,,GOT havneanlegg,port_facility,58.013714,7.482771
2462622,SJJAM,Jan Mayen,harbour,70.91633,-8.717908
2462626,,Steiningsholmen havneanlegg,port_facility,59.14736,5.257355
2462627,NOSVE,Indrehus kai,quay,61.728424,5.220492
2462628,NOSVE,Nesbø kai,quay,61.76212,5.11068
2462629,NOSVE,Smørhamn,quay,61.778553,4.946934
2463837,NOMSS,Moss ferjekai,ferry_quay,59.430214,10.654005
2463838,NOTYF,Skarberget ferjekai,ferry_quay,68.23232,16.234818
2463839,NOHAD,Melbu ferjekai,ferry_quay,68.498634,14.801223
2463840,NOHAD,Fiskebøl ferjekai,ferry_quay,68.43093,14.824478
2463841,NOMSK,Moskenes ferjekai,ferry_quay,67.89983,13.043995
2463842,NOBIN,Holm ferjekai,ferry_quay,65.18257,12.113215
2463843,NOSMN,Vennesund ferjekai,ferry_quay,65.21605,12.040715
2463845,NOVEV,Anddalsvåg ferjekai,ferry_quay,65.57817,12.391768
2463847,NOLEF,Levang ferjekai,ferry_quay,66.153175,13.078864
2463848,NONSN,Nesna ferjekai,ferry_quay,66.200676,13.011484
2463849,NORDY,Kilboghamn ferjekai,ferry_quay,66.489075,13.227531
2463850,NORDY,Jektvik ferjekai,ferry_quay,66.62428,13.285279
2463851,NOMEY,Ågskardet ferjekai,ferry_quay,66.720085,13.476378
2463852,NOMEY,Forøy ferjekai,ferry_quay,66.73861,13.51394
2463855,NOTJL,Tjøtta ferjekai,ferry_quay,65.82177,12.4301
2463856,NOVEY,Værøy ferjekai,ferry_quay,67.65269,12.711028
2463857,NOHMY,Skutvik ferjekai,ferry_quay,68.015114,15.33619
2463858,NOSVJ,Svolvær ferjekai,ferry_quay,68.23459,14.551885
2463859,NOSRO,Skrova ferjekai,ferry_quay,68.16713,14.66281
2463861,NOSSJ,Sandnessjøen ferjekai,ferry_quay,66.02431,12.642184
2463864,NODRG,Drag ferjekai,ferry_quay,68.0478,16.080263
2463865,NOKJK,Kjøpsvik ferjekai,ferry_quay,68.09307,16.35758
2463867,NOALS,Søvik ferjekai,ferry_quay,65.92662,12.435559
2463868,NOSTO,Stokkvågen ferjekai,ferry_quay,66.339325,13.002483
2463869,NOLUR,Onøy ferjekai,ferry_quay,66.39305,12.824585
2463870,NOLUR,Sleneset ferjekai,ferry_quay,66.36058,12.607839
2463871,NOLOV,Lovund ferjekai,ferry_quay,66.368835,12.370284
2463872,NOTRN,Træna ferjekai,ferry_quay,66.501625,12.102293
2463873,NOTRN,Selvær ferjekai,ferry_quay,66.58411,12.22093
2463874,NOGIL,Sund ferjekai,ferry_quay,67.07271,14.064667
2463875,NOGIL,Horsdal ferjekai,ferry_quay,67.09131,14.049025
2463876,NOVEG,Igerøy ferjekai,ferry_quay,65.67724,12.13125
2463877,NOBIN,Røytvoll hurtigbåtkai,ferry_quay,65.2016,12.244579
2463878,NOVEV,Vågsodden ferjekai,ferry_quay,65.72161,12.451378
2463879,NOVEV,Stokkasjøen ferjekai,ferry_quay,65.75872,12.556939
2463880,NOALS,Tro ferjekai,ferry_quay,65.79673,12.526533
2463881,NOALS,Mindland ferjekai,ferry_quay,65.80703,12.494909
2463882,NOALS,Austbø ferjekai,ferry_quay,65.93195,12.32473
2463883,NOVEF,Mosjøen ferjekai,ferry_quay,65.85041,13.190889
2463884,NOVEF,Hundåla ferjekai,ferry_quay,65.925255,12.959911
2463885,NOHEY,BrasøyFK hurtigbåtkai,ferry_quay,65.91403,12.183051
2463886,NODON,Solfjellsjøen ferjekai,ferry_quay,66.10899,12.484857
2463887,NODON,Vandve ferjekai,ferry_quay,66.16366,12.348943
2463888,NODON,Løkta ferjekai,ferry_quay,66.14194,12.697535
2463889,NONSN,Handnesøy ferjekai,ferry_quay,66.22891,12.9189
2463890,NONSN,Tomma ferjekai,ferry_quay,66.23472,12.857198
2463891,NONSN,Vikholmen ferjekai,ferry_quay,66.20386,12.96717
2463892,NORDY,Rødøy ferjekai,ferry_quay,66.65559,13.074289
2463893,NORDY,Gjerøy ferjekai,ferry_quay,66.61436,12.99161
2463894,NORDY,Selsøyvik ferjekai,ferry_quay,66.57958,12.981049
2463895,NORDY,Storselsøy ferjekai,ferry_quay,66.55932,12.83878
2463896,NORDY,Nordnesøy ferjekai,ferry_quay,66.594475,12.658868
2463897,NORDY,Sørfjorden ferjekai,ferry_quay,66.50654,13.302185
2463898,NOMEY,Vassdalsvik ferjekai,ferry_quay,66.806496,13.588927
2463899,NOMEY,Bolga ferjekai,ferry_quay,66.80514,13.235076
2463900,NOMEY,Ørnes ferjekai,ferry_quay,66.86757,13.704043
2463901,NOMEY,Meløysund ferjekai,ferry_quay,66.83106,13.55474
2463902,NOGIL,Sørarnøy ferjekai,ferry_quay,67.13717,13.978751
2463903,NOVGN,Digermulen ferjekai,ferry_quay,68.31589,14.98922
2463904,NOVGN,Finnvik ferjekai,ferry_quay,68.3083,14.9369
2463905,NOHAD,Kaljord hurtigbåtkai,ferry_quay,68.522316,15.280022
2463906,NOHAD,Lonkan hurtigbåtkai,ferry_quay,68.51942,15.253739
2463907,NOHAD,Hanøy hurtigbåtkai,ferry_quay,68.47096,15.186359
2463908,NOBRO,Sauren ferjekai,ferry_quay,65.477,12.134399
2463909,NOVEF,Vikdal ferjekai,ferry_quay,65.887825,13.095854
2463910,NOFFD,Kvellandstrand ferjekai,ferry_quay,58.241768,6.631424
2463911,NOFFD,Launes ferjekai,ferry_quay,58.23645,6.612096
2463912,NOFFD,Abelnes ferjekai,ferry_quay,58.23835,6.653769
2463913,NOFFD,Andabeløy ferjekai,ferry_quay,58.233097,6.66798
2463914,NOOKF,Øksfjord ferjekai,ferry_quay,70.23321,22.357595
2463915,NOHVK,Hasvik kai,ferry_quay,70.48311,22.163345
2463916,NOALF,Nyvoll ferjekai,ferry_quay,70.22668,23.380894
2463917,NOALF,Korsfjord ferjekai,ferry_quay,70.24642,23.393942
2463918,NOLOP,Bergsfjord ferjekai,ferry_quay,70.25185,21.78451
2463919,NOLOP,Sør-Tverrfjord kai,ferry_quay,70.218796,21.716516
2463920,NOLOP,Tverrfjord ferjekai,ferry_quay,70.23015,22.26818
2463921,NOHFT,Strømsnes ferjekai Akkarfjord,ferry_quay,70.60188,23.61825
2463922,NOHFT,Kjerringholmen ferjekai,ferry_quay,70.57571,23.573193
2463923,NOLOP,Skavnakk kai,ferry_quay,70.232506,21.42266
2463924,NOMSY,Gunnarnes kai,ferry_quay,70.99223,24.128954
2463925,NOMSY,Måsøy hurtigbåtkai,ferry_quay,65.9077,12.045543
2463926,NOLOP,Loppa kai,ferry_quay,70.344826,21.452747
2463927,NOKVR,Revsnes ferjekai,ferry_quay,68.67861,16.046877
2463928,NOKVR,Flesnes ferjekai,ferry_quay,68.6736,15.916145
2463929,NOLYN,Svensby ferjekai,ferry_quay,69.66332,19.809101
2463930,NOLYN,Lyngseidet ferjekai,ferry_quay,69.57716,20.223797
2463931,NOKAF,Olderdalen ferjekai,ferry_quay,69.60161,20.532522
2463932,NOIBE,Sørrollnes ferjekai,ferry_quay,68.72644,16.851114
2463933,NOHRD,Stangnes ferjekai,ferry_quay,68.777016,16.590946
2463934,NOTOS,Brensholmen ferjekai,ferry_quay,69.60786,18.03156
2463935,NOLES,Botnhamn ferjekai,ferry_quay,69.506935,17.90848
2463936,NOKAY,Hansnes ferjekai,ferry_quay,69.96593,19.629848
2463937,NOKAY,Skåningsbukt ferjekai,ferry_quay,70.05359,19.852802
2463938,NOHRD,Bjørnerå ferjekai,ferry_quay,68.88213,16.503525
2463941,NOSKY,Storstein ferjekai,ferry_quay,70.03201,20.845335
2463942,NOTOS,Bellvik ferjekai,ferry_quay,69.78668,18.762924
2463943,NOTOS,Vengsøy ferjekai,ferry_quay,69.83704,18.587276
2463944,NOHRD,Sandsøy ferjekai,ferry_quay,68.941956,16.672684
2463945,NOKAY,Reinskard ferjekai,ferry_quay,69.93485,19.599463
2463946,NOKAY,Karlsøy ferjekai,ferry_quay,70.00181,19.887877
2463947,NOSKY,Nikkeby ferjekai,ferry_quay,70.074036,20.81535
2463948,NONOR,Rotsund ferjekai,ferry_quay,69.78475,20.616907
2463950,NOHUR,Verket ferjekai,ferry_quay,59.612648,10.412875
2463953,NONRY,Lund ferjekai,ferry_quay,64.76832,11.623597
2463954,NONRY,Hofles ferjekai,ferry_quay,64.82745,11.612493
2463955,NOLKA,Gutvik hurtigbåtkai,ferry_quay,65.08457,11.829998
2463956,NOLKA,Skei ferjekai,ferry_quay,65.08797,11.738038
2463957,NOLEV,Levanger ferjekai,ferry_quay,63.749268,11.299473
2463958,NOLEV,Holkestad hurtigbåtkai,ferry_quay,67.88503,14.887346
2463959,NONRY,Geisnes ferjekai,ferry_quay,64.816055,11.625445
2463960,NOFSN,Ølhammeren ferjekai,ferry_quay,64.63645,11.360225
2463961,NOFSN,Seierstad ferjekai,ferry_quay,64.63752,11.346082
2463962,NOVKN,Ramstadlandet ferjekai,ferry_quay,64.95797,10.991467
2463963,NOVKN,Borgan ferjekai,ferry_quay,64.96717,10.90912
2463964,NONRY,Eidshaug ferjekai,ferry_quay,64.932304,11.464123
2463965,NONRY,Gjerdinga ferjekai,ferry_quay,64.94502,11.449154
2463966,NOAGD,Valset ferjekai,ferry_quay,63.638905,9.687914
2463967,NOOLA,Brekstad ferjekai,ferry_quay,63.687744,9.669471
2463969,NOTRD,Flakk ferjekai,ferry_quay,63.451164,10.201632
2463970,NOIFO,Rørvik ferjekai,ferry_quay,63.509247,10.139748
2463971,NOOLA,Storfosna ferjekai,ferry_quay,63.658962,9.436381
2463972,NOAGD,Værnes ferjekai,ferry_quay,63.58077,9.509606
2463973,NOAGD,Leksa ferjekai,ferry_quay,63.587353,9.399252
2463974,NOOLA,Garten ferjekai,ferry_quay,63.64507,9.52122
2463975,NOEID,Lote ferjekai,ferry_quay,61.863995,6.0796
2463976,NOLRD,Fodnes ferjekai,ferry_quay,61.1487,7.383212
2463977,NOSOG,Kaupanger ferjekai,ferry_quay,61.18288,7.250445
2463978,NOVIS,Vangsnes ferjekai,ferry_quay,61.175076,6.637461
2463979,NOLEK,Hella ferjekai,ferry_quay,61.207546,6.597615
2463981,NOBLS,Balestrand kai,ferry_quay,61.209923,6.538172
2463982,NOHYL,Rysjedalsvika kai,ferry_quay,61.114223,5.283302
2463983,NOSLD,Krakhella kai,ferry_quay,61.12894,5.019403
2463984,NOASL,Gjervik ferjekai,ferry_quay,61.348347,5.016216
2463985,NOBRE,Isane ferjekai,ferry_quay,61.881153,5.715146
2463986,NOEID,Stårheim ferjekai,ferry_quay,61.913948,5.72436
2463987,NOBRE,Oldeide ferjekai,ferry_quay,61.879314,5.07809
2463988,NOMAY,Måløy ferjekai,ferry_quay,61.938072,5.118996
2463989,NOSLD,Daløy ferjekai,ferry_quay,61.052586,4.738511
2463990,NOFJA,Fure ferjekai,ferry_quay,61.298096,5.08553
2463991,NOASL,Værlandet ferjekai,ferry_quay,61.303993,4.739933
2463992,NOVGY,Husevågøy ferjekai,ferry_quay,61.90271,5.113671
2463993,NOHYR,Måren ferjekai,ferry_quay,61.14909,6.074965
2463994,NOSJE,Barmsund kai,ferry_quay,61.983944,5.287449
2463996,NOREN,Mortavika ferjekai,ferry_quay,59.1374,5.588482
2463997,NOHJL,Hjelmeland ferjekai,ferry_quay,59.234432,6.165561
2463998,NOHJL,Nesvik ferjekai,ferry_quay,59.26121,6.15902
2463999,NOSTD,Tau ferjekai,ferry_quay,59.065056,5.9083
2464000,NOFOR,Forsand ferjekai,ferry_quay,58.90152,6.088172
2464001,NOSUL,Ropeid hurtigbåtkai,ferry_quay,59.4847,6.21422
2464002,NOSUL,Sand hurtigbåtkai,ferry_quay,59.48436,6.250354
2464004,NOSVG,Fiskepirterminalen FK,ferry_quay,58.97256,5.739586
2464005,NOTYV,Nedstrand ferjekai,ferry_quay,59.345207,5.857566
2464006,NOJEL,Jelsa ferjekai,ferry_quay,59.335495,6.034313
2464007,NOREN,Hanasand ferjekai,ferry_quay,59.11797,5.767938
2464009,NORDB,Mekjarvik hurtigbåtkai,ferry_quay,59.02387,5.614151
2464010,NOKSY,Kvitsøy ferjekai,ferry_quay,59.05755,5.417561
2464011,NORDB,Mekjarvik ferjekai,ferry_quay,59.023712,5.613564
2464012,NOVIF,Utbjoa ferjekai,ferry_quay,59.678467,5.615274
2464013,NOSAS,Hommersåk ferjekai,ferry_quay,58.930405,5.848085
2464015,NOSVG,Vassøy ferjekai,ferry_quay,58.998375,5.782465
2464016,NOLYF,Lysebotn ferjekai,ferry_quay,59.054695,6.645238
2464017,NOSAS,Songesand ferjekai,ferry_quay,59.016224,6.3233
2464018,NOREN,Brimse hurtigbåtkai,ferry_quay,59.086113,5.797208
2464019,NOFNY,Talgje hurtigbåtkai,ferry_quay,59.104733,5.858839
2464021,NOFNY,Fogn ferjekai,ferry_quay,59.13733,5.900447
2464022,NOFNY,Halsnøy ferjekai,ferry_quay,59.20473,5.9253
2464023,NOFNY,Eidssund ferjekai,ferry_quay,59.235012,5.938417
2464024,NOFNY,Nesheim ferjekai,ferry_quay,59.260197,5.884016
2464026,NOFNY,Nord-Hidle ferjekai,ferry_quay,59.241104,5.886511
2464027,NOHJL,Skipavik ferjekai,ferry_quay,59.25306,6.095278
2464029,NOFNY,Byre hurtigbåtkai,ferry_quay,59.15914,5.969895
2464030,NOHJL,Fister hurtigbåtkai,ferry_quay,59.17856,6.064192
2464031,NOHJL,Sandanger hurtigbåtkai,ferry_quay,59.19821,6.057982
2464032,NOHJL,Ølesund hurtigbåtkai,ferry_quay,59.22358,6.101081
2464033,NOSUL,Hebnes ferjekai,ferry_quay,59.353592,5.961554
2464034,NOSUL,Bogsund hurtigbåtkai,ferry_quay,59.325466,6.187488
2464035,NOSUL,Foreneset hurtigbåtkai,ferry_quay,59.33271,6.09982
2464036,NOSUL,Foldøy ferjekai,ferry_quay,59.339005,5.961992
2464037,NOVIF,Sandeid hurtigbåtkai,ferry_quay,59.541748,5.867489
2464040,NOVIF,Vikedal hurtigbåtkai,ferry_quay,59.49665,5.893375
2464042,NOFIT,Sandvikvåg ferjekai,ferry_quay,59.968357,5.33453
2464043,NOSRP,Skjersholmane ferjekai,ferry_quay,59.74983,5.465916
2464044,NOGRV,Kvanndal ferjekai,ferry_quay,60.47176,6.612219
2464045,NOKIV,Kinsarvik ferjekai,ferry_quay,60.376022,6.719116
2464046,NOETN,Skånevik ferjekai,ferry_quay,59.733376,5.932708
2464047,NOKVH,Utåker ferjekai,ferry_quay,59.78327,5.904306
2464048,NOKVH,Gjermundshamn ferjekai,ferry_quay,60.061794,5.920242
2464049,NOSRP,Jektavik ferjekai,ferry_quay,59.88615,5.52149
2464050,NOTYN,Hodnanes ferjekai,ferry_quay,59.889614,5.558049
2464051,NOTYN,Våge ferjekai,ferry_quay,60.04675,5.524213
2464052,NOSVO,Buavåg ferjekai,ferry_quay,59.598076,5.318343
2464053,NOBOM,Langevåg ferjekai,ferry_quay,59.608013,5.236434
2464055,NOKVH,Sunde båtkai,ferry_quay,59.83198,5.718001
2464056,NOKVH,Ranavik ferjekai,ferry_quay,59.813354,5.655856
2464057,NOBGO,Krokeide ferjekai,ferry_quay,60.224037,5.291045
2464058,NOASV,Husavik ferjekai,ferry_quay,60.01708,5.279431
2464059,NOJON,Jondal ferjekai,ferry_quay,60.2757,6.251404
2464060,NOKVM,Tørvikbygd ferjekai,ferry_quay,60.30077,6.171874
2464061,NOULL,Utne ferjekai,ferry_quay,60.424076,6.621765
2464062,NOOOS,Hatvik ferjekai,ferry_quay,60.208523,5.53715
2464063,NOOS,Venjaneset ferjekai,ferry_quay,60.205524,5.593402
2464064,NOSND,Klokkarvik ferjekai,ferry_quay,60.22328,5.157765
2464065,NOBGO,Hjellestad ferjekai,ferry_quay,60.256126,5.240163
2464066,NOBGO,Breistein ferjekai,ferry_quay,60.490353,5.399706
2464067,NOOST,Valestrand ferjekai,ferry_quay,60.50498,5.427017
2464070,NOSRP,Nordhuglo ferjekai,ferry_quay,59.866802,5.563647
2464071,NOKVH,Sydnes ferjekai,ferry_quay,59.73324,5.737574
2464073,NOTYN,Bruntveit båtkai,ferry_quay,60.038002,5.436206
2464074,NOKVH,Varaldsøy ferjekai,ferry_quay,60.086937,5.973081
2464081,NOASV,Barmen kai,ferry_quay,61.99795,5.289949
2464082,NOHOR,Horten ferjekai,ferry_quay,59.41215,10.48921
2464083,NOSVV,Svelvik ferjekai,ferry_quay,59.61588,10.41034
2464084,NOVDA,Folkestad ferjekai,ferry_quay,62.120045,6.033166
2464085,NOVDA,Volda ferjekai,ferry_quay,62.14476,6.063678
2464086,NOORS,Festøya ferjekai,ferry_quay,62.37519,6.33126
2464087,NOSUA,Solavågen ferjekai,ferry_quay,62.413723,6.327605
2464088,NOVST,Furneset ferjekai,ferry_quay,62.65171,7.08505
2464089,NOMOL,Molde ferjekai,ferry_quay,62.736885,7.169137
2464090,NOTIN,Kanestraum ferjekai,ferry_quay,63.05321,8.125076
2464093,NOAES,Magerholm ferjekai,ferry_quay,62.432217,6.497142
2464094,NOSYK,Sykkylven ferjekai,ferry_quay,62.41018,6.547554
2464095,NOTDA,Hellesylt ferjekai,ferry_quay,62.08741,6.8703
2464096,NOTDA,Stranda ferjekai,ferry_quay,62.30906,6.949258
2464098,NOSUA,Sulesund ferjekai,ferry_quay,62.395023,6.166989
2464099,NOHRI,Hareid ferjekai,ferry_quay,62.370106,6.030995
2464100,NOSAH,Årvika ferjekai,ferry_quay,62.191406,5.634481
2464101,NOVAY,Koparneset ferjekai,ferry_quay,62.169678,5.643599
2464102,NOEDD,Eidsdal ferjekai,ferry_quay,62.262806,7.171881
2464103,NONOD,Linge ferjekai,ferry_quay,62.28449,7.187113
2464104,NOGNR,Geiranger ferjekai,ferry_quay,62.1036,7.20273
2464105,NORAU,Åfarnes ferjekai,ferry_quay,62.663815,7.504952
2464106,NOMOL,Sølsnes ferjekai,ferry_quay,62.684788,7.464652
2464107,NOKSU,Kristiansund kystrutekai,ferry_quay,63.115017,7.736671
2464108,NOTDA,Liabygda ferjekai,ferry_quay,62.308334,7.005887
2464109,NOVDA,Lauvstad ferjekai,ferry_quay,62.16466,5.942549
2464110,NOORS,Lekneset ferjekai,ferry_quay,62.205734,6.534416
2464112,NOHAR,Lepsøya hurtigbåtkai,ferry_quay,62.61708,6.221199
2464113,NOHAR,Haramsøya hurtigbåtkai,ferry_quay,62.637146,6.276584
2464114,NOHAR,Brattvåg ferjekai,ferry_quay,62.60779,6.448513
2464116,NOAUK,Hollingsholmen ferjekai,ferry_quay,62.77688,6.97323
2464117,NOAUK,Aukra ferjekai,ferry_quay,62.78057,6.91736
2464118,NOMOL,Mordalsvågen ferjekai,ferry_quay,62.728825,6.985988
2464119,NOMID,Solholmen ferjekai,ferry_quay,62.71937,6.93761
2464120,NOMID,Dryna ferjekai,ferry_quay,62.63971,6.523229
2464121,NOSUD,Rykkjem ferjekai,ferry_quay,62.878983,8.486745
2464122,NOKSU,Seivika ferjekai,ferry_quay,63.111805,7.870162
2464123,NOAUE,Tømmervåg ferjekai,ferry_quay,63.153103,7.954887
2464125,NOAUE,Arasvika ferjekai,ferry_quay,63.1654,8.43528
2464126,NOHLS,Hennset ferjekai,ferry_quay,63.13655,8.43618
2464127,NOVAY,Åram ferjekai,ferry_quay,62.19834,5.49581
2464128,NONZC,Larsnes ferjekai,ferry_quay,62.20691,5.56888
2464129,NOSAH,Voksa ferjekai,ferry_quay,62.215218,5.474881
2464130,NOSAH,Kvamsøya ferjekai,ferry_quay,62.19782,5.41986
2464131,NOORS,Standal ferjekai,ferry_quay,62.266216,6.423177
2464132,NOORS,Trandal ferjekai,ferry_quay,62.2609,6.500594
2464133,NOSYK,Hundeidvik ferjekai,ferry_quay,62.371677,6.424135
2464134,NOGIS,Valderøya ferjekai,ferry_quay,62.495872,6.128564
2464135,NOHAR,Fjørtofta ferjekai,ferry_quay,62.710136,6.422807
2464136,NOAES,Finnøya ferjekai,ferry_quay,62.804176,6.509003
2464137,NOSAY,Sandøya ferjekai,ferry_quay,62.82032,6.574867
2464138,NOAES,Ona ferjekai,ferry_quay,62.86389,6.54475
2464139,NOAES,Orta ferjekai,ferry_quay,62.78637,6.653803
2464140,NOAUK,Småge ferjekai,ferry_quay,62.80656,6.76741
2464141,NOMOL,Molde kystrutekai,ferry_quay,62.734158,7.155259
2464142,NOMOL,Sekken kai,ferry_quay,62.67527,7.30301
2464143,NOGRN,Horn ferjekai,ferry_quay,60.522667,10.341276
2464144,NOGRN,Tangen ferjekai,ferry_quay,60.512634,10.336877
2464146,NOSLD,Haldorsnes ferjekai,ferry_quay,61.054848,4.717421
2464147,NOFRA,Dyrøy kai,ferry_quay,63.799244,8.681275
2464148,NOFRA,Mausundvær kai,ferry_quay,63.869137,8.662084
2464149,NOFRA,Sula ferjekai,ferry_quay,63.84957,8.50057
2464150,NOAUE,Sandvika ferjekai,ferry_quay,63.23329,8.13225
2464151,NOTOR,Gryllefjord ferjekai,ferry_quay,69.36341,17.052711
2464152,NOSKY,Lauksundskaret ferjekai,ferry_quay,70.07888,20.776571
2464153,NOKVH,Matre ferjekai,ferry_quay,59.79532,5.962941
2464154,NORET,Røst ferjekai,ferry_quay,67.5049,12.07147
2464155,NOBON,Bognes ferjekai,ferry_quay,68.223885,16.072767
2464156,NOLOD,Lødingen ferjekai,ferry_quay,68.4202,15.994409
2464159,NOHAV,Havøysund kai,ferry_quay,70.9945,24.676172
2464160,NOKVH,Årsnes ferjekai,ferry_quay,60.0543,6.020023
2464164,NOASY,Kleppestø båtkai,ferry_quay,60.406498,5.227529
2464166,NOSLD,Losna kai,ferry_quay,61.11749,5.092804
2464167,NOTOS,Breivikeidet ferjekai,ferry_quay,69.669914,19.650997
2464168,NOALF,Kongshus kai,ferry_quay,70.14338,23.273132
2464170,NOHRD,Stornes ferjekai,ferry_quay,68.85222,16.490866
2464171,NOHAD,Brottøy hurtigbåtkai,ferry_quay,68.47743,15.156428
2464173,NOUTS,Utsira nord ferjekai,ferry_quay,59.31199,4.884798
2464174,NOHLS,Halsa ferjekai,ferry_quay,63.06817,8.227569
2464175,NOVEF,Sørnes ferjekai,ferry_quay,65.971375,12.853142
2464176,NONOR,Havnnes ferjekai,ferry_quay,69.79065,20.591276
2464177,NOUBO,Uløybukt ferjekai,ferry_quay,69.85571,20.695435
2464178,NOKAY,Mariagården ferjekai,ferry_quay,70.05649,19.032478
2464179,NOKAY,Bromnes ferjekai,ferry_quay,70.076904,18.982979
2464180,NOSMO,Edøy ferjekai,ferry_quay,63.286335,8.137311
2464181,NOSUR,Kvanne ferjekai,ferry_quay,62.88844,8.531332
2464182,NOADY,Andenes ferjekai,ferry_quay,69.32681,16.134
2464183,NOSAS,Lauvvik ferjekai,ferry_quay,58.894253,6.055429
2464184,NOGLP,Anda ferjekai,ferry_quay,61.846466,6.08193
2464185,NOFSV,Festvåg ferjekai,ferry_quay,67.43866,14.76198
2464186,NOBOO,Misten ferjekai,ferry_quay,67.45276,14.729665
2464187,NOFOR,Oanes ferjekai,ferry_quay,58.90596,6.07533
2464188,NOORS,Sæbø ferjekai,ferry_quay,62.21102,6.47599
2464189,NOASV,Hufthamar ferjekai,ferry_quay,60.12301,5.200694
2464190,NOOOS,Halhjem ferjekai,ferry_quay,60.145508,5.42693
2464191,NOSOG,Mannheller ferjekai,ferry_quay,61.16025,7.336805
2464192,NOBLS,Dragsvik ferjekai,ferry_quay,61.21495,6.565587
2464193,NOFNY,Helgøy ferjekai,ferry_quay,59.228634,5.853999
2464194,NOFNY,Judaberg ferjekai,ferry_quay,59.17015,5.877613
2464195,NOVEV,Forvik ferjekai,ferry_quay,65.712715,12.459247
2464196,NOHYR,Lavik ferjekai,ferry_quay,61.104813,5.506934
2464197,NOVEG,Ylvingen ferjekai,ferry_quay,65.64447,12.17368
2464198,NOBOK,Arsvågen ferjekai,ferry_quay,59.170795,5.453027
2464202,NOASL,Askvoll kai,ferry_quay,61.345497,5.065444
2464203,NOLUR,Indre Kvarøy ferjekai,ferry_quay,66.487305,12.966293
2464204,NOHYR,Ortnevik kai,ferry_quay,61.113144,6.132702
2464205,NOGUL,Rutledal ferjekai,ferry_quay,61.074352,5.189278
2464206,NOGUL,Mjånes ferjekai,ferry_quay,61.000153,5.029708
2464208,NOGUL,Oppedal ferjekai,ferry_quay,61.05474,5.504204
2464209,NOFED,Fedje ferjekai,ferry_quay,60.782303,4.71431
2464210,NOASH,Sævrøy ferjekai,ferry_quay,60.788567,4.830438
2464212,NOASH,Leirvåg ferjekai,ferry_quay,60.814785,5.004863
2464213,NOALR,Knarvik båtkai,ferry_quay,60.54186,5.287442
2464218,NOASH,Lerøy ferjekai,ferry_quay,60.232628,5.169797
2464220,NOMSF,Masfjordnes ferjekai,ferry_quay,60.800945,5.304455
2464222,NOMSF,Duesund ferjekai,ferry_quay,60.807606,5.308475
2464224,NOGUL,Hisarøy ferjekai,ferry_quay,60.997307,5.017176
2464226,NOSLV,Sløvåg ferjekai,ferry_quay,60.856743,5.063914
2464228,NOOLA,Brekstad hurtigbåtkai,ferry_quay,63.68606,9.668183
2464230,NOZBK,Sandviksflaket ankring,anchorage,60.41203,5.31043
2464234,NOBGO,Festningskai 4,quay,60.39853,5.318832
2464243,,Kongsteinterminalen,port_facility,58.455383,5.981719
2464246,NOZHT,Husefest ankring,anchorage,61.705338,4.966163
2464251,NOZKT,Kårvika ankring,anchorage,69.39,18.156668
2464253,NOTOS,Tromsø Mekaniske,quay,69.70566,19.02182
2464262,NOOTO,Bunkers kai 3,quay,64.8581,11.278916
2464263,NOSKU,Skude - ventekai,quay,59.14757,5.257989
2464269,NOMON,Jetty 1,quay,60.818695,5.031724
2464270,NOMON,Jetty 2,quay,60.81656,5.038397
2464271,NOMON,Jetty 9,quay,60.81476,5.043354
2464272,NOMON,Jetty 8,quay,60.814404,5.042753
2464273,NOMON,jetty 3,quay,60.813255,5.041423
2464274,NOMON,Jetty 10,quay,60.809822,5.043054
2464275,NOMON,Jetty 14,quay,60.806244,5.052409
2464276,NOMON,Jetty 4,quay,60.81447,5.020866
2464277,NOMON,Jetty 12,quay,60.818695,5.031724
2464381,NOMQN,Helgeland Plast AS Havneanlegg,quay,66.3291,14.10948
2464384,NO888,Rørvik Reden,location_at_sea,64.85667,11.241667
2464385,NO888,Garten,harbour,63.64,9.518333
2464386,NOAES,Gustav Stokke AS,quay,62.501156,6.401322
2464388,NOEGE,Melkai - Pelagia Egersund Sildoljefabrikk,quay,58.45097,5.993062
2464392,NOJON,Kommunal kai Jondal sentrum,quay,60.275482,6.251565
2464398,NOSIP,Quay 9,quay,60.869667,5.027967
2464399,NOSIP,Quay 6,quay,60.86436,5.029683
2464400,NOSIP,Quay 3,quay,60.857384,5.033202
2464404,NOAUK,Hukkelberg Verft Aukra,quay,62.796963,6.903191
2464408,NOEGE,Kongstein tømmerterminal 3TØ,quay,58.455414,5.981606
2464417,NOTON,Krankaien,quay,59.259777,10.422544
2464419,NORVK,Nykaien,quay,64.85937,11.230136
2464472,NOSTY,Lillebukta,quay,70.261665,22.61414
2464473,NOZHX,Holla ankring,anchorage,63.30343,9.105607
2464475,NOSKG,Sekkingstad AS,quay,60.2678,5.107469
2464476,NOSKG,FM Asfalt AS,quay,60.27071,5.104179
2464479,NOSOY,Storøya Vest,harbour,59.41237,5.230683
2464486,NOFOS,Fosnavåg Fiskerikai,quay,62.339466,5.639606
2464487,NOFOS,Fosnavåg almenningskai,quay,62.342197,5.634998
2464490,NOHVG,Kobbhola bunkeranlegg,quay,70.98803,25.934855
2464494,NOGHV,EWOS Quay B (portalino),quay,61.58419,5.001739
2464495,NOGHV,EWOS Quay C (loading quay),quay,61.584435,5.000702
2464496,NOJLD,Stavanger Steel,quay,59.01665,6.039562
2464498,NOHLL,Berth 190 NOKRS-0011,quay,58.073692,7.797152
2464509,,Lamholmen kai,port_facility,64.90141,11.305211
2464513,NOFOR,Norsk spennbetong Skanska,quay,58.895298,6.100511
2464519,NOSDI,Sandvika Gjestebrygge,quay,59.887165,10.529897
2464536,,Kobbhola bunkeranlegg,port_facility,70.98791,25.934855
2464539,NORSH,Risoyhamn Industrial Port,quay,68.96682,15.624645
2464544,,Vistdal Kai,port_facility,62.72332,7.930747
2464546,NOMOB,Kai 6 LNG,quay,60.796005,5.070394
2464547,NOMOB,Kai 7 Ro-Ro,quay,60.796795,5.069569
2464549,NOFOS,Herøy Båtlag,quay,62.339123,5.642896
2464552,,Sørmarkfjellet havneanlegg,port_facility,64.378525,10.760383
2464560,,Sistranda havneanlegg,port_facility,63.73576,8.838317
2464564,,Kalkkaia Havneanlegg,port_facility,63.783752,11.436063
2464565,,Triplex Havneanlegg,port_facility,63.046295,7.510325
2464566,,NorSea Logistics Averøy,port_facility,63.056435,7.666652
2464580,NOAES,Saltlagerkaia,quay,62.462624,6.158246
2464583,NOJOS,Titania AS Joessingfjord Port - Helleren Kai,quay,58.325905,6.351368
2464593,NOVDL,Vistdal kai,quay,62.72332,7.930747
2464597,NOSSS,Sistranda quay 2 South,quay,63.735672,8.837625
2464608,NOFLT,Jøssund,harbour,64.378525,10.760383
2464609,NOORS,Øye kai,quay,62.194794,6.65257
2464610,,Sveen kai,port_facility,61.37409,5.639014
2464616,NOSKK,Fosen Gjenvinning,quay,64.04324,10.042059
2464617,NOAES,Vartdal Gjenvinning avd. Ålesund/Henriksen,quay,62.4855,6.386417
2464618,,Vartdal Gjenvinning avd. Ålesund,port_facility,62.48535,6.386436
2464619,,Fosen Gjenvinning,port_facility,64.043274,10.042036
2464624,NOSNL,Standal knuseverk AS,quay,62.261646,6.429253
2464640,,Trollebø Havneanlegg,port_facility,61.93889,5.1375
2464641,,PSW Spoolbase,port_facility,60.83624,5.085215
2464643,NOLKN,Leknes havn,quay,68.12709,13.57104
2464654,NOBRV,Vard Brattvaag,quay,62.591988,6.446843
2464655,NOBTN,Botnastranda Aust,quay,61.611835,5.112028
2464662,NO888,Gavlfjorden,location_at_sea,69.062,15.364
2464667,,Risøyhamn Industrial Port,port_facility,68.96684,15.624673
2464669,NORVK,Marøystranda kaianlegg(Rørvik Marina),quay,64.84838,11.266315
2464676,NOBIN,Bindal,harbour,65.088,12.3705
2464967,NOBIN,Brukstomta kai,quay,65.09056,12.368952
2464968,NOBIN,Terråk kai,quay,65.09003,12.37315
2464969,NOBIN,Kalvika kai,quay,65.131996,12.263183
2464970,NOBIN,Gaupen kai,quay,65.25093,12.308444
2464978,NOZUT,Utskarpen ankring,anchorage,66.281,13.587633
2464979,NOHIT,Kvenvær,quay,63.533596,8.388319
2464980,NOFOR,Myra kai,quay,58.89604,6.0983
2464985,NOKYR,Bjørknes,quay,63.421864,8.978499
2464986,NOAES,Hessa Tankanlegg kai øst,quay,62.461994,6.131105
2464991,NONSF,Nordskaget kai,quay,63.709293,8.564507
2464992,NORVK,Lamholmen bulk kai,quay,64.90151,11.30534
2464993,,Trosvik Havneanlegg,port_facility,59.0545,9.687545
2464995,,"Skjerkøya Havneanlegg,,",port_facility,59.05721,9.645002
2464996,NOVEY,Værøy Industrikai,quay,67.77167,12.721389
2465003,NOBVK,Trosvik Hovedkai,quay,59.0545,9.687545
2465004,NOBVK,Trosvik Beddingkai,quay,59.054504,9.686097
2465007,NOKSU,Vågekaia,quay,63.112473,7.73305
2465008,NOHSA,Æsøya Industrikai,quay,66.74856,13.536246
2465009,NOAES,Strandkaia,quay,62.46838,6.120703
2465011,NOROA,Fosenterminalen Bessaker,quay,64.256355,10.330769
2465014,NONFD,Naustdal - tømmerkai,quay,61.91653,5.832458
2465015,NONFD,Løkjaneset,quay,61.912373,5.856045
2465016,NOSJE,Borgundvåg,quay,62.149776,5.305448
2465017,,Lerøy Bulandet AS,port_facility,61.284412,4.635229
2465019,,Samasjøen Havneanlegg,port_facility,68.81036,16.548199
2465020,,Hammerfest terminalen,port_facility,70.62876,23.654951
2465021,,Tufjordbruket havneanlegg,port_facility,71.00481,23.90002
2465023,NOAVE,NorSea Atlantic Quay 21,quay,63.056435,7.666652
2465024,NOAVE,NorSea Atlantic Quay 20,quay,63.056435,7.666652
2465027,,Strand Sea Service AS,port_facility,62.46831,6.120744
2465028,NOASL,Eksportkaia - Lerøy Bulandet AS,quay,61.284412,4.635214
2465029,NOBVK,Trosvik Philipskai,quay,59.05348,9.688215
2465042,NOVER,Kai 1 East,quay,63.784824,11.438659
2465047,NOSAH,Sandshamn almenningskai,quay,62.251575,5.487271
2465050,,K. Jansen,port_facility,61.603252,5.046364
2465051,NOFIS,Fiskå Mølle kai 2,quay,59.117283,6.000077
2465065,NOAUE,Gridsvåg Båt og Motor AS,quay,63.329517,8.432367
2465067,,Saltimport Laksevåg,port_facility,60.392773,5.288835
2465068,,Mowi Feed avd. Gullvika,port_facility,63.865765,9.846108
2465069,NORYF,Norsea Polarbase Quay 3 RO-RO,quay,70.63082,23.649826
2465073,NOTUF,Tufjordbruket havn,quay,71.00481,23.90002
2465075,NOBJU,Mowi Gullvika,quay,63.865765,9.846108
2465076,NOHAR,Håneset,quay,62.659885,6.243855
2465077,NOMSD,FNH kai A (Horisont),quay,62.321445,5.67045
2465078,NOFOS,Fosnavåg Pelagic,quay,62.338524,5.640245
2465079,NOFOS,Fosnot,quay,62.34077,5.641714
2465080,NOMSD,FNH Egersund Herøy,quay,62.32173,5.675251
2465083,NOEGE,"Aker Solutions Egersund - Quay 2, Utlastnings kai",quay,58.426487,5.985547
2465084,NOEGE,Aker Solutions Egersund - Quay 1,quay,58.42707,5.984775
2465088,NOHRD,Kai Samasjøen,quay,68.8,16.533333
2465093,NOFLT,Sørmarkfjellet,quay,64.38022,10.758229
2465102,,Herøy Båtlag,port_facility,62.339123,5.642692
2465103,NOKSU,Gamle Fiskerikai,quay,63.122124,7.761661
2465105,NOLVG,"Saltimport AS, Laksevåg",quay,60.392677,5.288519
2465122,,Fosen Kysthavn Bessaker,port_facility,64.25624,10.33088
2465125,,Jacob Bjørge AS,port_facility,62.49639,6.360059
2465128,NOULL,Lofthus,harbour,60.32457,6.659775
2465135,NOSIP,Quay 10,quay,60.870815,5.027136
2465153,NOROA,"Service Kai Nord, Fosenterminalen",quay,64.25681,10.330281
2465163,,Æsøya Industrikai,port_facility,66.74869,13.53734
2465172,,Hjørundfjorden havn,port_facility,62.20964,6.477189
2465177,NO888,Borgundvåg,harbour,62.15017,5.30528
2465180,NOORS,Sæbø Tenderbrygge,quay,62.20965,6.477189
2465181,NOORS,Urke Tenderbrygge,quay,62.208725,6.573477
2465202,NOMAN,Berth 220 (Steinkaien),quay,58.017906,7.502362
2465203,NOMAN,Berth 200 (Kleven),quay,58.020718,7.476778
2465204,NOMAY,Kai Nord,quay,61.932106,5.12682
2465211,,Asdalstranda 01 havneanlegg,port_facility,59.07211,9.632755
2465216,NOBOK,Føresvik,quay,59.23253,5.438918
2465217,NORYF,Kai Nord/ Quay North,quay,70.79389,23.775557
2465218,NORYF,Kai Sør / Quay South,quay,70.79389,23.775557
2465219,,Muruvik havneanlegg kai,port_facility,63.437847,10.844714
2465226,NOAES,Jacob Bjørge AS,quay,62.49638,6.359873
2465233,NO888,Vettås,harbour,60.587093,5.182285
2465240,NOAUE,Aure Almenningskai Leirdalen,quay,63.271072,8.527432
2465244,NOAUE,Mowi ASA (Stolt Sea Farm),quay,63.216488,8.238719
2465247,,Fætten Industrikai,port_facility,63.152824,7.94165
2465250,SJZOF,Moffen,location_at_sea,79.997765,14.468307
2465255,NOJLD,Jørpelandsvågen kommunale kai,quay,59.017445,6.042221
2465258,NONFO,Monstad industrikai (vest),quay,63.953255,10.169647
2465262,NORON,Asdalstrand Steinkai,quay,59.07387,9.630013
2465263,NOSUR,Glærum Kalksteingruve AS,quay,62.99032,8.606275
2465265,NOTYT,Tytebærvika,quay,69.598526,19.960806
2465266,NOBJY,Trollneset,quay,69.019684,16.543072
2465285,NOFRK,Container Centre,quay,59.18223,10.954311
2465286,NOFRK,Container North,quay,59.184,10.953258
2465287,NOFRK,Container South,quay,59.180748,10.955256
2465288,NOFRK,Warehouse 2,quay,59.18848,10.951292
2465289,NOFRK,Warehouse 12,quay,59.189445,10.950956
2465290,NOFRK,Wet Bulk North,quay,59.186188,10.952106
2465291,NOFRK,Denofa Havn 2,quay,59.19433,10.949325
2465292,NOFRK,Denofa Havn 3,quay,59.193157,10.949728
2465297,NOMRV,Muruvik oljekai,quay,63.43783,10.844699
2465298,NOHRD,Perpetuum Miljø havneanlegg Harstad,quay,68.79466,16.555536
2465300,NO888,Finneidkai,harbour,67.24869,15.422058
2465302,,Forsand havneanlegg,port_facility,58.895836,6.09992
2465311,NOBOO,Pier West - Pelagia,quay,67.28914,14.377176
2465312,NOBOO,Fiske mottak Pelagia Bodø Sildoljefabrikk,quay,67.2896,14.377707
2465315,NOAES,Vegsund slipp,quay,62.431,6.34397
2465316,NOVIS,Industrikaien Røyrvik bygg og betong,quay,61.091526,6.590134
2465319,NOZKD,Kirkenes - Korsfjorden ankring,anchorage,69.75829,29.881098
2465320,NOZVN,Vega Nes,location_at_sea,65.728195,11.943255
2465321,NOVRV,Værøy Røssnesvågen,harbour,67.65426,12.720215
2465336,NOOTO,"Moen Verft Ottersøy, Purkholmen",quay,64.86024,11.280596
2465338,NOBIN,Kveinsjøen kai,quay,65.121864,12.164726
2465350,,Dampskipskaien,port_facility,58.447525,5.9898
2465353,NONFD,Seawalk Nordfjord,quay,61.904793,5.986605
2465369,NOGIL,Ertenvåg,quay,67.11948,14.306945
2465372,NO888,Ålfoten,anchorage,61.834663,5.683322
2465373,NOZDV,Davika ankring,anchorage,61.892166,5.5482
2465374,NO888,Naustdal,harbour,61.91647,5.832635
2465375,NO888,Løkenes,harbour,61.91215,5.856978
2465376,NOHRO,Herøy Maritime Næringspark,quay,65.999,12.265258
2465387,NOVAO,Svartnes havneanlegg B 4.15,quay,70.36431,31.028973
2465389,NOTOS,Nor Lines havneanlegg,quay,69.70379,19.020908
2465398,,Breistrand Industrikai,port_facility,68.53665,16.625465
2465403,NONFO,Monstad kommunal kai,quay,63.956074,10.178805
2465404,NOSVG,Rosenberg Worley Site quay,quay,58.9848,5.720122
2465412,NOFJL,Haltbakk Bunkers Fjelldal,quay,68.55349,16.557625
2465423,,Fornes anleggskai,port_facility,69.5963,19.909395
2465430,NORAF,Inovyn Norge kai 3,quay,59.104862,9.582806
2465431,NORAF,Inovyn Norge kai 4,quay,59.104057,9.584806
2465438,NONFD,Tender Nordfjordeid,quay,61.905598,5.967033
2465441,,Posten Bring AS Tromsø,port_facility,69.682,19.003668
2465448,,"Vik Ørsta, avdeling Vik",port_facility,61.091522,6.590135
2465458,NOEGE,1DS,quay,58.447506,5.98974
2465465,NOHSA,Svartisen Marina,quay,66.709785,13.710425
2465470,NOJOV,Fornes Anleggskai,quay,69.5963,19.909395
2465477,NOSIP,Quay 2+3,quay,60.855167,5.034833
2465483,,Ertenvåg Havn,port_facility,67.11942,14.306895
2465485,NOGIL,Ertenvåg Havn,quay,67.11942,14.306895
2465538,,Svartisen Marina,port_facility,66.70965,13.708316
2465551,NOAAF,Roan,harbour,64.17749,10.214035
2465552,NOHSA,Svartisen Marina kai,quay,66.70966,13.708346
2465554,NOAAF,Roan kommunale kai,quay,64.17778,10.214376
2465561,NOHRO,Øksningan Notbøteri,quay,66.00164,12.236853
2465563,NOSDN,Sande skogeigerlag - Tømmerkai,quay,61.780567,6.126838
2465582,,Fjærland Gjestehamn,port_facility,61.40454,6.74112
2465591,NOSRP,Vikanes kai,quay,59.77789,5.364033
2465605,NOMSS,Fertiliser - Fiskaa Moelle,quay,59.437927,10.660262
2465609,NOBAM,Gamle Langesund,location_at_sea,58.99679,9.763455
2465610,,Seaworks havn,port_facility,68.78479,16.547642
2465615,NOKSU,Dale tankanlegg,quay,63.121075,7.775061
2465616,,Botnastranda kai G,port_facility,61.61207,5.097787
2465627,,Torsken ISPS-Terminal,port_facility,69.33763,17.109528
2465636,NOTOR,Torsken ISPS kai,quay,69.33763,17.109528
2465652,NOLIN,Eidsnes steinkai,harbour,60.59693,5.43672
2465666,NO888,Årsnes,harbour,60.05456,6.020165
2465677,NOBGO,Nykirkekai Nord 1,quay,60.39809,5.313553
2465683,NOZBU,Snarbybukta ankring,anchorage,69.80817,19.5595
2465684,NO888,Grasmyr/ Klubben,harbour,69.27717,17.921667
2465687,NOFJL,Breistrand Industrikai,quay,68.53573,16.624746
2465688,NOBTN,Botnastranda Kai G,quay,61.61207,5.097787
2465693,NOTOS,Posten Norge Tromsø,quay,69.92306,19.06139
2465707,,Tenderbrygge Nord Honningsvåg,port_facility,70.98254,25.965595
2465710,,Nordlys Tenderkai,port_facility,69.97751,23.328754
2465713,NOZFY,Finnafjorden ankring,anchorage,61.051666,6.308333
2465720,NORIV,Kai 19 av og på,quay,58.92458,5.603344
2465729,,Lillesand Havneanlegg - Langbrygga,port_facility,58.246468,8.379645
2465730,NOLIL,Langbrygga - Lillesand,quay,58.246456,8.379627
2465734,NOSPG,Øvre Alvim Havneanlegg,quay,59.268105,11.083374
2465735,,Stokmarknes Miljøhavn,port_facility,68.57228,14.974121
2465739,NODJU,Djupvik industrikai,quay,69.74942,20.484623
2465743,NOPOR,Brevik ferjekai,quay,59.051956,9.699125
2465745,NOKSU,Lerøy,quay,63.122944,7.761945
2465752,SJBAR,Barentsburg Quay,quay,78.08789,14.180471
2465754,SJPYR,Pyramiden Quay,quay,78.613144,16.391184
2465766,NOHRD,Mercurveien 69 Havneanlegg,quay,68.79862,16.54757
2465769,NOSJH,Jøvika - Senja,harbour,69.13755,17.32675
2465774,,Dyrnes kai,port_facility,63.426914,7.842173
2465776,NOSRK,Skrolsvik Almenningskai,quay,69.066666,16.812778
2465779,NOSMO,Dyrnes almenningskai.,quay,63.426914,7.842173
2465786,NOTRN,Pelagia Kai,quay,66.50336,12.1038
2465787,NOTRN,Tenderkai,quay,66.502335,12.102333
2465789,NOHIT,Hitra Kysthavn kai 1,quay,63.515,9.1115
2465812,NOSLX,Cruise pier - Sortland,quay,68.70115,15.419063
2465833,,GHG Gullkista Pukkverk AS,port_facility,68.592995,15.327487
2465844,NOFYS,Fjærland Gjestehamn,quay,61.40449,6.741259
2465858,NOKSU,Hjelkremkaien,quay,63.11545,7.738709
2465873,NO888,Rivingdybet,location_at_sea,58.27855,8.592083
2465879,,Djupvik Industrikai,port_facility,69.74942,20.48462
2465885,NOSTA,Ekstrand,quay,59.111668,9.929167
2465890,NOHJL,Mowi Nutrition Hjelmeland,quay,59.220684,6.1206
2465893,NOPOR,Sandøya Fk,harbour,59.047302,9.727847
2465894,NOPOR,Bjørkøya Fk,harbour,59.03172,9.748183
2465903,NO888,Stavfjorden,location_at_sea,61.475494,4.984317
2465904,NO888,Blåna,location_at_sea,61.410316,4.830895
2465910,NOKSU,Atlantic Eiendom AS kai,quay,63.123276,7.781062
2465911,,Austefjorden Coast Base,port_facility,60.178432,5.091365
2465912,NOLAD,Søndre dampskipsbrygge,quay,59.000973,9.750554
2465913,NOLAD,Ex Langesund Fjord Line terminal,quay,59.006474,9.747458
2465914,NOBVK,Tangen RoRo Nord/RRN,quay,59.06656,9.699339
2465915,NOBVK,Tangen RoRo Syd/RRS,quay,59.06535,9.700764
2465924,NOZFX,Fanafjorden ankring,anchorage,60.233383,5.272283
2465937,NOSOS,Svolvær Vest,quay,68.23242,14.53873
2465938,NOSVJ,Anchoring Svolvær Harbour (Tender),quay,68.224724,14.575833
2465940,NOSKN,Stokmarknes Miljøhavn,quay,68.571655,14.974314
2466186,NOAES,Flatholmen 3 - Tyrholm & Farstad - NOAES-0009,quay,62.466667,6.183333
2466187,NOAES,Flatholmen 2 - Tyrholm & Farstad - NOAES-0009,quay,62.466667,6.183333
2466188,NOAES,Flatholmen 1 - Tyrholm & Farstad - NOAES-0009,quay,62.466667,6.183333
2466192,NOSSS,Sistranda quay 2 North,quay,63.73576,8.838317
2466194,NOALF,Langnes,quay,70.105034,22.996367
2466198,NOSMO,Vattholmveien,quay,63.50947,7.973278
2466200,NOTYN,Nedrevågen,harbour,59.980377,5.670062
2466201,,Pelagia Akva Ren Jøvik,port_facility,69.605034,19.814295
2466202,NOJOV,Pelagia Akva Ren Jøvik,quay,69.60496,19.814686
2466205,,Pharma Marine,port_facility,62.560204,6.264043
2466210,NOKOL,Northern lights,quay,60.55465,4.887413
2466212,NOSLX,GHG Gullkista,quay,68.592995,15.327487
2466216,,Kalhammeren havneanlegg,port_facility,58.983646,5.710558
2466217,,Containerkai Skjervøy,port_facility,70.0329,20.978024
2466220,NO888,Kobbeleia,location_at_sea,60.320232,5.144777
2466225,,Fjelldal Tankanlegg,port_facility,68.55348,16.55691
2466229,NOGJD,Scanprod AS,quay,62.528027,6.124781
2466233,NOAES,Pharma Marine,quay,62.559887,6.262702
2466242,NOEGE,Egersund Trål,quay,58.45023,5.981749
2466249,NOEGE,HYMEK Quay - Ocean Star,quay,58.439007,5.989628
2466254,NOVAO,Dampskipskaia south,quay,70.37435,31.104668
2466255,NOVAO,Dampskipskaia North,quay,70.37529,31.104324
2466256,NOBOG,"""Nato-kaia""",quay,68.51835,16.962675
2466257,NOGIK,Gismarvik - Kai Nord,quay,59.32603,5.38876
2466259,NOHRD,Seaworks Havn (Langnes),quay,68.78479,16.547642
2466293,NOFDE,Engebø Rutile and Garnet kai,quay,61.488,5.442917
2466310,NOKVD,Jakob Barney Jensen,quay,58.262222,6.842555
2466321,NOHLS,Halsa Fergekai,quay,63.06806,8.227706
2466325,,Scanprod AS,port_facility,62.52758,6.125685
2466329,,Hjørundfjorden Urke,port_facility,62.20884,6.573395
2466333,,Haltbakk Bunkers AS,port_facility,63.117764,7.758084
2466346,NOBGO,Austefjorden Coast Base AS,quay,60.17884,5.091043
2466362,NOZHK,Hauken ankring,anchorage,59.343727,10.54547
2466363,NOZKZ,Kragerø - Børøyfjorden ankring,anchorage,58.876972,9.431763
2466364,NOZK1,Kongsgårdbukta ankring,anchorage,58.153316,8.041348
2466365,NOZER,Herreflaket ankring,anchorage,59.11201,9.574498
2466366,NOZBZ,Byggnes - Karmsundet ankring,anchorage,59.301613,5.318155
2466367,NOZNG,Nordgulen ankring,anchorage,61.76878,5.228118
2466368,NOZBO,Botnafjorden ankring,anchorage,61.617813,5.083065
2466369,NOZHL,Høylandsbygda ankring,anchorage,59.80245,5.775203
2466370,NOZLJ,Lærdal ankring,anchorage,61.10871,7.439203
2466371,NOZOD,Odda ankring,anchorage,60.080425,6.538153
2466372,NOZLR,Leirvik ankring,anchorage,59.783016,5.51591
2466373,NOZOL,Ølen ankring,anchorage,59.607914,5.787135
2466374,NOZVZ,Valderhaugfjorden ankring,anchorage,62.486496,6.141958
2466375,NOZKX,Krigsborgtaren ankring,anchorage,64.90891,11.329393
2466376,NOZTD,Russevika ankring,anchorage,68.8221,16.576824
2466377,NOZFZ,Narvik - Framnes ankring,anchorage,68.442,17.358313
2466378,NOZNZ,Narvik - Herjangen ankring,anchorage,68.49201,17.430153
2466379,NOZVR,Narvik - Vidrek ankring,anchorage,68.40689,17.165108
2466380,NOZRA,Hammerfest - Ravelsgrunnen ankring,anchorage,70.67736,23.402596
2466381,NOFAN,"Taubåtkaien, Kai 14",quay,58.081562,6.785103
2466382,NOZXS,Hammerfest - Storebåen ankring,anchorage,70.6652,23.317451
2466383,NOZVX,Hammerfest - Væråsgrunnen ankring,anchorage,70.69615,23.33951
2466384,NOZKL,Honningsvåg - Kobbhola ankring,anchorage,70.98874,25.946102
2466385,NOZRI,Honningsvåg - Breivika ankring,anchorage,70.97497,25.933914
2466386,NOZKP,Kirkenes - Prestøya ankring,anchorage,69.72724,30.103655
2466387,NOZSX,Kirkenes - Sabelskjæret ankring,anchorage,69.73574,30.071554
2466388,NOZLZ,Kirkenes - Langfjorden ankring,anchorage,69.72903,30.024261
2466401,NOMAY,Pier 3 (Skramskaien),quay,61.93479,5.11523
2466410,NOABV,Abelvær hurtigbåtkai,ferry_quay,64.73277,11.182773
2466411,NOHFT,Akkarfjord Johs Kvalsvik kai,ferry_quay,70.793816,23.407843
2466412,NOHFT,Akkarfjord kombibåtkai Sørøya,ferry_quay,70.79173,23.413666
2466413,NOASL,Alden kai,ferry_quay,61.31615,4.775759
2466414,NOLUR,Aldra hurtigbåtkai,ferry_quay,66.40047,13.118228
2466415,NOGIS,Alnes hurtigbåtkai,ferry_quay,62.4862,5.976978
2466416,NOALF,Alta hurtigbåtterminal,ferry_quay,69.97689,23.328308
2466417,NOALF,Altneset kombibåtkai,ferry_quay,70.33196,23.0554
2466418,NOARE,Arendal Rådhusbrygga kai,ferry_quay,58.45745,8.766535
2466419,NOARE,Arendal Tyholmen ferjekai,ferry_quay,58.457577,8.767416
2466420,NOSKY,Arnøyhamn kai,ferry_quay,70.05287,20.636381
2466421,NOKIN,Askrova kai,ferry_quay,61.50013,4.96734
2466422,NOAUL,Aurland kai,ferry_quay,60.90682,7.18634
2466423,NOVEV,Aursletta hurtigbåtkai,ferry_quay,65.63299,12.747842
2466424,NOMYO,Austringen hurtigbåtkai,ferry_quay,68.803085,14.839783
2466425,NOSLD,Avløyp kai,ferry_quay,61.153446,4.813085
2466426,NOSAS,Bakken hurtigbåtkai,ferry_quay,59.013218,6.290624
2466427,NOKIN,Barekstad kai,ferry_quay,61.667984,4.885571
2466428,NOMYO,Barkestad hurtigbåtkai,ferry_quay,68.816444,14.8014
2466429,NOKIN,Batalden kai,ferry_quay,61.63813,4.812862
2466430,NOFRK,Bekkhus fergeleie,ferry_quay,59.19763,10.943591
2466431,NOASV,Bekkjarvik båtkai,ferry_quay,60.00763,5.205187
2466432,NOBGO,Bergen Nøstet kystrutekai,ferry_quay,60.392563,5.310406
2466433,NOBGO,Bergen Skoltegrunnskaien,ferry_quay,60.40122,5.314957
2466434,NOBFJ,Bergsfjord kai,ferry_quay,70.25241,21.78379
2466435,NOBVG,Berlevåg kystrutekai,ferry_quay,70.85765,29.113873
2466436,NOROA,Bessaker hurtigbåtkai,ferry_quay,64.24769,10.320132
2466437,NOALF,Bia kai,ferry_quay,70.31776,22.891293
2466438,NOBIN,Bindalseidet hurtigbåtkai,ferry_quay,65.13203,12.263113
2466439,NOBJY,Bjarkøy hurtigbåtkai,ferry_quay,68.998924,16.538109
2466440,NOSKG,Bjelkarøy ferjekai,ferry_quay,60.24157,5.221381
2466441,NODON,Bjørn ferjekai,ferry_quay,66.082275,12.585869
2466442,NODON,Bjørn hurtigbåtkai,ferry_quay,66.082405,12.586354
2466443,NOBOO,Bliksvær hurtigbåtkai,ferry_quay,67.27801,14.009312
2466444,NOBOO,Bodø ferjekai,ferry_quay,67.288345,14.394005
2466445,NOBOO,Bodø kystrutekai,ferry_quay,67.2891,14.395732
2466446,NOBOO,Bodø sentrumsterminalen kai,ferry_quay,67.28404,14.372917
2466447,NOOYB,Bogøy hurtigbåtkai,ferry_quay,67.89988,15.189618
2466448,NOFRA,Bogøyvær hurtigbåtkai,ferry_quay,63.87191,8.55117
2466449,NOMEY,Bolga hurtigbåtkai,ferry_quay,66.804985,13.236976
2466450,NOKVH,Borgundøy båtkai,ferry_quay,59.7311,5.695197
2466451,NOKVH,Borgundøy ferjekai,ferry_quay,59.73114,5.694957
2466452,NOBGO,Bradbenken kai,ferry_quay,60.398033,5.320542
2466453,NOHRO,Brasøy ferjekai,ferry_quay,65.91427,12.18262
2466454,NOSAS,Bratteli hurtigbåtkai,ferry_quay,59.011864,6.263118
2466455,NOSTG,Brennsund hurtigbåtkai,ferry_quay,67.66469,14.773637
2466456,NOBVK,Brevik ferjekai,ferry_quay,59.05116,9.697095
2466457,NOBNN,Brønnøysund hurtigbåtkai,ferry_quay,65.475044,12.210046
2466458,NOBNN,Brønnøysund kystrutekai,ferry_quay,65.47582,12.210816
2466459,NODDY,Brøstadbotn hurtigbåtkai,ferry_quay,69.072044,17.65784
2466460,NOHRS,Bud kai,ferry_quay,62.905125,6.908242
2466461,NOASL,Bulandet kai,ferry_quay,61.2861,4.632985
2466462,NOBUF,Burfjord kai,ferry_quay,69.941,22.043755
2466463,NOSLD,Buskøy kai,ferry_quay,61.210876,4.862716
2466464,NOOSL,Bygdøynes kai,ferry_quay,59.904266,10.701056
2466465,NOALS,Bærøyvågen hurtigbåtkai,ferry_quay,65.86922,12.618463
2466466,NOVEV,Bønå hurtigbåtkai,ferry_quay,65.64458,12.753716
2466467,NOGUL,Bårøyna kai,ferry_quay,60.9407,4.845489
2466468,NOBJF,Båtsfjord kystrutekai,ferry_quay,70.63024,29.727325
2466469,NOFRK,Cicignon fergeleie,ferry_quay,59.206127,10.95195
2466470,NODRG,Drag hurtigbåtkai,ferry_quay,68.04712,16.07859
2466471,NOOLA,Dypfest ferjekai,ferry_quay,63.780792,9.577549
2466472,NOAUL,Dyrdal kai,ferry_quay,60.957745,6.934562
2466473,NOSMO,Edøy hurtigbåtkai,ferry_quay,63.2862,8.137063
2466474,NOBOM,Eidesvik båtkai,ferry_quay,59.59507,5.184878
2466475,NOEDF,Eidfjord båtkai,ferry_quay,60.46657,7.067093
2466476,NOEDD,Eidsdal kai,ferry_quay,62.262745,7.173608
2466477,NONRY,Eidshaug hurtigbåtkai,ferry_quay,64.93212,11.464746
2466478,NOOMB,Eidssund hurtigbåtkai,ferry_quay,59.234756,5.93799
2466479,NOULE,Eiksundet kai,ferry_quay,62.25083,5.904931
2466480,NOGUL,Eivindvik kai,ferry_quay,60.979393,5.07795
2466481,NOIBE,Engenes kai,ferry_quay,68.92592,17.125517
2466482,NOBOM,Espevær båtkai,ferry_quay,59.591022,5.154669
2466483,NOEVT,Evenes hurtigbåtkai,ferry_quay,68.45527,16.693823
2466484,NOKIN,Fanøy kai,ferry_quay,61.62042,4.817815
2466485,NOKMY,Feøy hurtigbåtkai,ferry_quay,59.378216,5.160321
2466486,NOVIS,Findabotnen kai,ferry_quay,61.038273,6.268553
2466487,NOVIS,Finden kai,ferry_quay,61.047962,6.306871
2466488,NOKAY,Finnkroken hurtigbåtkai,ferry_quay,69.834145,19.43605
2466489,NOFNE,Finnsnes kai,ferry_quay,69.22909,17.974281
2466490,NOFNE,Finnsnes kystrutekai,ferry_quay,69.228905,17.97146
2466491,NOMYO,Finnvåg hurtigbåtkai,ferry_quay,68.80502,14.775335
2466492,NOKVH,Fjelbergøy båtkai,ferry_quay,59.73809,5.705429
2466493,NOKVH,Fjelbergøy ferjekai,ferry_quay,59.73824,5.707907
2466494,NONIS,Fjone ferjekai,ferry_quay,59.176594,8.481732
2466495,NOFYS,Fjærland kai,ferry_quay,61.4015,6.739421
2466496,NONRY,Fjølvika hurtigbåtkai,ferry_quay,65.01518,11.710106
2466497,NOHAR,Fjørtofta hurtigbåtkai,ferry_quay,62.709743,6.422622
2466498,NOSJA,Flakstadvåg hurtigbåtkai,ferry_quay,69.18917,17.039474
2466499,NOBGO,Flesland båtkai,ferry_quay,60.291885,5.205522
2466500,NOFRO,Florø kystrutekai,ferry_quay,61.601707,5.025365
2466501,NOHRO,Flostad hurtigbåtkai,ferry_quay,65.96919,12.28661
2466502,NOSAS,Flørli ferjekai,ferry_quay,59.015266,6.431338
2466503,NOSAS,Flørli hurtigbåtkai,ferry_quay,59.015343,6.431492
2466504,NOFLA,Flåm kai,ferry_quay,60.862953,7.116465
2466505,NOFNY,Fogn hurtigbåtkai,ferry_quay,59.137547,5.899971
2466506,NOSUL,Foldøy hurtigbåtkai,ferry_quay,59.338917,5.962365
2466507,NOFOR,Forsand hurtigbåtkai,ferry_quay,58.901558,6.087866
2466508,NOVEV,Forvik hurtigbåtkai,ferry_quay,65.71448,12.46075
2466509,NOFOS,Fosnavåg kai,ferry_quay,62.342155,5.635133
2466510,NOFKG,Frekhaug båtkai,ferry_quay,60.517776,5.248815
2466511,NOVIS,Fresvik kai,ferry_quay,61.07445,6.93966
2466512,NOLRD,Frønningen ferjekai,ferry_quay,61.107765,7.079599
2466513,NOKVH,Furevik tømmerkai,ferry_quay,59.727417,5.711818
2466514,NOSLD,Færøy kai,ferry_quay,61.20327,4.831121
2466515,NOKIN,Færøyna kai,ferry_quay,61.585003,4.962339
2466516,NOFRK,Gamlebyen fergeleie,ferry_quay,59.205315,10.953672
2466517,NOKIN,Gangsøy kai,ferry_quay,61.888847,5.157931
2466518,NOVEG,Gardsøya kai Vega,ferry_quay,65.71297,11.919504
2466519,NOHAU,Garpaskjær ferjekai,ferry_quay,59.41213,5.255709
2466520,NOGNR,Geiranger hurtigbåtkai,ferry_quay,62.102234,7.204808
2466521,NOGNR,Geiranger kystrutekai,ferry_quay,62.102814,7.201345
2466522,NOAGO,Geitanger båtkai,ferry_quay,60.393818,5.068344
2466523,NOVIS,Geithus kai,ferry_quay,61.06985,6.376115
2466524,NOBOO,Givær hurtigbåtkai,ferry_quay,67.30553,13.724113
2466525,NORDY,Gjersvikgrenda hurtigbåtkai,ferry_quay,66.533,13.030576
2466526,NORDY,Gjerøy hurtigbåtkai,ferry_quay,66.61461,12.992044
2466527,NOFRA,Gjæsingen kai,ferry_quay,63.92515,8.89777
2466528,NOKSU,Gomalandet Sundbåtkai,ferry_quay,63.115112,7.745228
2466529,NOHVA,Gravningsund fergeleie,ferry_quay,59.024273,11.100067
2466530,NOFRK,Gressvik fergeleie,ferry_quay,59.214714,10.911132
2466531,NOGUL,Grima kai,ferry_quay,60.93172,4.82533
2466532,NOKIN,Grindøy kai,ferry_quay,61.89497,5.128783
2466533,NOKSU,Grip hurtigbåtkai,ferry_quay,63.21827,7.593884
2466534,NOVEF,Grytåga hurtigbåtkai,ferry_quay,65.8023,12.725039
2466535,NOMYO,Grødset hurtigbåtkai,ferry_quay,68.79313,14.865414
2466536,NOMEY,Grønnøy hurtigbåtkai,ferry_quay,66.794106,13.452075
2466537,NOGUD,Gudvangen ferjekai,ferry_quay,60.88141,6.84142
2466538,NOARE,Guldsmedenga ferjekai,ferry_quay,58.451508,8.755708
2466539,NOLKA,Gutvik ferjekai,ferry_quay,65.084465,11.828982
2466540,NOARE,Gårdalsbukta kai,ferry_quay,58.4491,8.74825
2466541,NOSLD,Gåsvær kai,ferry_quay,61.17676,4.695222
2466542,NOFNY,Halsnøy hurtigbåtkai,ferry_quay,59.20506,5.925125
2466543,NOFRA,Halten kai,ferry_quay,64.17173,9.40798
2466544,NOHFT,Hammerfest kystrutekai,ferry_quay,70.66488,23.68177
2466545,NOHAR,Hamnsund hurtigbåtkai,ferry_quay,62.534477,6.26681
2466546,NONSN,Handnesøy hurtigbåtkai,ferry_quay,66.22936,12.919571
2466547,NOBIN,Harangsfjord hurtigbåtkai,ferry_quay,65.250885,12.308346
2466548,NOSLD,Hardbakke kai,ferry_quay,61.07435,4.836827
2466549,NOHRI,Hareid hurtigbåtkai,ferry_quay,62.370953,6.031353
2466550,NOHRD,Harstad hurtigbåtkai,ferry_quay,68.80106,16.54669
2466551,NOHRD,Harstad kystrutekai,ferry_quay,68.79925,16.549095
2466552,NOHRS,Harøysund kai,ferry_quay,62.894356,6.957764
2466553,NOIFO,Hasselvika hurtigbåtkai,ferry_quay,63.63339,9.82778
2466554,NOTYV,Hattarvågen hurtigbåtkai,ferry_quay,59.349243,5.629638
2466555,NOHAU,Haugesund hurtigbåtkai,ferry_quay,59.411636,5.268354
2466556,NOSAH,Haugsholmen kai,ferry_quay,62.17187,5.400909
2466557,NOHAV,Havøysund kystrutekai,ferry_quay,70.994934,24.687433
2466558,NOSUL,Hebnes hurtigbåtkai,ferry_quay,59.353397,5.962013
2466559,NOHAD,Helgenes hurtigbåtkai,ferry_quay,68.50308,15.24006
2466560,NOFNY,Helgøy hurtigbåtkai,ferry_quay,59.228806,5.854534
2466561,NOHFT,Hellefjord kai,ferry_quay,70.71567,23.29204
2466562,NOSND,Hellesøy båtkai,ferry_quay,60.6619,4.790173
2466563,NOSVG,Hellesøy ferjekai,ferry_quay,58.985,5.821713
2466564,NOSVG,Hellesøy hurtigbåtkai,ferry_quay,58.985027,5.8217
2466565,NOHEV,Helligvær hurtigbåtkai,ferry_quay,67.40662,13.902388
2466566,NOHMY,Hellmobotn hurtigbåtkai,ferry_quay,67.8166,16.517601
2466567,NOLNE,Helnessund hurtigbåtkai,ferry_quay,67.73297,14.772864
2466568,NOTAU,Heng hurtigbåtkai,ferry_quay,59.02612,5.895824
2466569,NOBRE,Hennøystrand kai,ferry_quay,61.814213,5.226799
2466570,NOOSN,Hepsøy hurtigbåtkai,ferry_quay,64.32355,10.387833
2466571,NOULL,Herand båtkai,ferry_quay,60.34215,6.377139
2466572,NOHVA,Herføl fergeleie,ferry_quay,59.002,11.056833
2466573,NOSND,Hernar båtkai,ferry_quay,60.68704,4.744114
2466574,NOSLD,Hersvik kai,ferry_quay,61.173584,4.895124
2466575,NOHRO,Herøy ferjekai,ferry_quay,65.968864,12.286787
2466576,NOLUR,Hestmona hurtigbåtkai,ferry_quay,66.51971,12.832109
2466577,NOHMS,Hestneset ferjekai,ferry_quay,66.2308,13.580118
2466578,NOHMS,Hestneset kai,ferry_quay,66.23079,13.580346
2466579,NOBNN,Hestøya ferjekai,ferry_quay,65.472275,12.197457
2466580,NOASV,Hevrøy båtkai,ferry_quay,60.023716,5.062071
2466581,NOBIN,Hildring hurtigbåtkai,ferry_quay,65.104866,12.332684
2466582,NOGUL,Hille kai,ferry_quay,60.977203,4.82351
2466583,NOHIT,Hitra hurtigbåtterminal,ferry_quay,63.51752,9.113117
2466584,NOHJL,Hjelmeland hurtigbåtkai,ferry_quay,59.234367,6.164433
2466585,NOMOL,Hjertøya hurtigbåtkai,ferry_quay,62.717297,7.169639
2466586,NOLEV,Hokstad ferjekai,ferry_quay,63.798176,11.16815
2466587,NOTRN,Holmen hurtigbåtkai,ferry_quay,66.54306,12.159548
2466588,NOSAS,Hommersåk hurtigbåtkai,ferry_quay,58.930378,5.84811
2466589,NOAAF,Hongsand kai,ferry_quay,64.14666,10.15605
2466590,NOHVG,Honningsvåg kystrutekai,ferry_quay,70.98119,25.970184
2466591,NOTJS,Hov hurtigbåtkai,ferry_quay,68.55685,16.345213
2466592,NOARE,Hove camping ferjekai,ferry_quay,58.436604,8.825088
2466593,NOASV,Hufthamar båtkai,ferry_quay,60.12311,5.199822
2466594,NOHMY,Hulløyhamn hurtigbåtkai,ferry_quay,68.06014,16.324127
2466595,NOVEF,Husvika hurtigbåtkai,ferry_quay,65.825455,12.664377
2466596,NOSLD,Husøy kai,ferry_quay,60.99417,4.608883
2466597,NOVEG,Hysværøyan hurtigbåtkai,ferry_quay,65.75693,11.726339
2466598,NOHYR,Høyanger kai,ferry_quay,61.216873,6.069614
2466599,NOSAS,Håheller hurtigbåtkai,ferry_quay,59.040276,6.513715
2466600,NOLUR,Indre Kvarøy hurtigbåtkai,ferry_quay,66.48897,12.966474
2466601,NOSLD,Indrevær kai,ferry_quay,61.00748,4.60973
2466602,NOSLD,Indrøy kai,ferry_quay,61.10737,4.726972
2466603,NOHAD,Ingelsfjord hurtigbåtkai,ferry_quay,68.47199,15.302121
2466604,NOISY,Ingøy kai,ferry_quay,71.08427,24.062273
2466605,NOIDR,Inndyr hurtigbåtkai,ferry_quay,67.03474,14.022964
2466606,NOKSU,Innlandet Sundbåtkai,ferry_quay,63.107864,7.737733
2466607,NOSTY,Isnestoften kai,ferry_quay,70.13874,22.98732
2466608,NORDY,Jektvik hurtigbåtkai,ferry_quay,66.62658,13.292942
2466609,NOJEL,Jelsa hurtigbåtkai,ferry_quay,59.33522,6.034422
2466610,NOFNY,Judaberg hurtigbåtkai,ferry_quay,59.17031,5.877521
2466611,NOOSY,Jøa hurtigbåtkai,ferry_quay,64.63767,11.345948
2466612,NOSAS,Kalleli hurtigbåtkai,ferry_quay,59.00892,6.39366
2466613,NOSVG,Kalvøy ferjekai,ferry_quay,58.976665,5.827357
2466614,NOSVG,Kalvøy hurtigbåtkai,ferry_quay,58.976658,5.827429
2466615,NORDY,Kilboghamn hurtigbåtkai,ferry_quay,66.488914,13.227536
2466616,NOVEG,Kilvær hurtigbåtkai,ferry_quay,65.800995,11.98559
2466617,NOVEV,Kilvågen hurtigbåtkai,ferry_quay,65.70269,12.590093
2466618,NOKIN,Kinn kai,ferry_quay,61.561554,4.772658
2466619,NOKIV,Kinsarvik båtkai,ferry_quay,60.377235,6.719956
2466620,NOMSK,Kirkefjord hurtigbåtkai,ferry_quay,67.9923,13.015486
2466621,NOKSU,Kirkelandet Sundbåtkai,ferry_quay,63.11166,7.733564
2466622,NOKKN,Kirkenes kystrutekai,ferry_quay,69.728874,30.072315
2466623,NONVK,Kjeldebotn hurtigbåtkai,ferry_quay,68.40816,16.673002
2466624,NOBNN,Kjerringberg hurtigbåtkai,ferry_quay,65.49223,12.11208
2466625,NOHMY,Kjerrvika hurtigbåtkai,ferry_quay,68.009735,16.330412
2466626,NOKJF,Kjøllefjord kystrutekai,ferry_quay,70.94914,27.336227
2466627,NOKJK,Kjøpsvik hurtigbåtkai,ferry_quay,68.09349,16.359634
2466628,NOAUE,Kjørsvikbugen hurtigbåtkai,ferry_quay,63.41286,8.723905
2466629,NOHFT,Klokkarøy ferjekai,ferry_quay,70.601265,23.62259
2466630,NOAGO,Knappskog båtkai,ferry_quay,60.38099,5.05896
2466631,NOGUL,Koksøyna kai,ferry_quay,60.93548,4.809439
2466632,NOARE,Kolbjørnsvik ferjekai,ferry_quay,58.452538,8.768848
2466633,NOSLD,Kolgrov kai,ferry_quay,61.007717,4.667977
2466634,NOKRA,Kragerø ferjekai,ferry_quay,58.870403,9.416005
2466635,NOSLD,Krakøysund kai,ferry_quay,61.17757,4.867877
2466636,NOKRS,Kristiansand ferjeterminal,ferry_quay,58.14409,7.985213
2466637,NOKSU,Kristiansund hurtigbåtkai,ferry_quay,63.114223,7.735566
2466638,NOHRD,Krøttøy hurtigbåtkai,ferry_quay,69.05051,16.536997
2466639,NOALF,Kvalfjord kai,ferry_quay,70.31911,22.874388
2466640,NOHFT,Kvalsund kai,ferry_quay,70.50408,23.983095
2466641,NOSAH,Kvamsøya hurtigbåtkai,ferry_quay,62.19745,5.420954
2466642,NOTSD,Kveitevik hurtigbåtkai,ferry_quay,59.376953,5.22353
2466643,NOGUL,Kversøyna kai,ferry_quay,60.930214,4.818584
2466644,NOKSY,Kvitsøy hurtigbåtkai,ferry_quay,59.05752,5.41822
2466645,NOHFT,Kårhamn kai,ferry_quay,70.546555,23.158413
2466646,NOGAM,Laggo kai,ferry_quay,70.61813,27.664286
2466647,NOLAD,Langesund ferjeterminal,ferry_quay,59.00571,9.748121
2466648,NOLAG,Langevåg hurtigbåtkai,ferry_quay,62.44456,6.18901
2466649,NOLOP,Langfjordhamn kai,ferry_quay,70.14101,21.855501
2466650,NOGAM,Langfjordnes kai,ferry_quay,70.71579,28.075565
2466651,NOHFT,Langstrand kai,ferry_quay,70.686264,23.178143
2466652,NOSVG,Langøy ferjekai,ferry_quay,59.002834,5.77254
2466653,NOSVG,Langøy hurtigbåtkai,ferry_quay,59.002853,5.772499
2466654,NONZC,Larsnes hurtigbåtkai,ferry_quay,62.20706,5.569285
2466655,NOTOS,Laukvik kai,ferry_quay,69.8398,18.667189
2466656,NOFLT,Lauvsnes kai,ferry_quay,64.49931,10.89314
2466657,NOSAS,Lauvvik hurtigbåtkai,ferry_quay,58.89447,6.05539
2466658,NOHYR,Lavik kai,ferry_quay,61.104534,5.507957
2466659,NOSOG,Leikanger kai,ferry_quay,61.18276,6.79804
2466660,NOBRE,Leirgulen kai,ferry_quay,61.86152,5.310017
2466661,NOLRI,Leirvik båtkai,ferry_quay,59.780376,5.501953
2466662,NOORS,Lekneset hurtigbåtkai,ferry_quay,62.205673,6.534049
2466663,NOLEN,Lensvik hurtigbåtkai,ferry_quay,63.504986,9.830621
2466664,NOALF,Lille Lerresfjord kai,ferry_quay,70.31881,23.501953
2466665,NOHFT,Lille Survik kai,ferry_quay,70.57639,23.489397
2466666,NOSTY,Lillebukt kai,ferry_quay,70.261955,22.614552
2466667,NOSVG,Lindøy ferjekai,ferry_quay,58.992077,5.807084
2466668,NOSVG,Lindøy hurtigbåtkai,ferry_quay,58.992077,5.807176
2466669,NOFRK,Lisleby fergeleie,ferry_quay,59.23117,10.987696
2466670,NOGUL,Litle Kvernøyna kai,ferry_quay,60.95898,4.813702
2466671,NOULL,Lofthus båtkai,ferry_quay,60.325207,6.657935
2466672,NORDY,Losvik kai,ferry_quay,66.65647,13.077422
2466673,NOHFT,Lotre kai,ferry_quay,70.682594,23.143574
2466674,NOLOV,Lovund hurtigbåtkai,ferry_quay,66.36911,12.37052
2466675,NOHRD,Lundenes kai,ferry_quay,68.87746,16.572052
2466676,NOHFT,Lundhamn kai,ferry_quay,70.70104,23.24348
2466677,NOALR,Lygra kai,ferry_quay,60.691345,5.10581
2466678,NOSND,Lyngøy båtkai,ferry_quay,60.66683,4.747577
2466679,NOLYF,Lysebotn hurtigbåtkai,ferry_quay,59.054836,6.645063
2466680,NOSJA,Lysnes kai,ferry_quay,69.44563,17.996077
2466681,NOLRD,Lærdal ferjekai,ferry_quay,61.10079,7.463091
2466682,NODON,Løkta hurtigbåtkai,ferry_quay,66.14203,12.696955
2466683,NOSLD,Lågøy kai,ferry_quay,61.138348,4.792145
2466684,NOHVA,Makø fergeleie,ferry_quay,59.044636,11.111624
2466685,NOTYN,Malkenes båtkai,ferry_quay,60.07737,5.687741
2466686,NOJEL,Marvik hurtigbåtkai,ferry_quay,59.410625,6.082951
2466687,NOASH,Mastrevik kai,ferry_quay,60.787712,4.941557
2466688,NOMEH,Mehamn kystrutekai,ferry_quay,71.04151,27.842628
2466689,NORDY,Melfjordbotn hurtigbåtkai,ferry_quay,66.52198,13.665855
2466690,NOKSU,Melkvikan Sundbåtkai,ferry_quay,63.11527,7.755323
2466691,NOMEY,Meløysund hurtigbåtkai,ferry_quay,66.83126,13.554912
2466692,NOMEY,Mesøy hurtigbåtkai,ferry_quay,66.852394,13.678665
2466693,NOGIL,Mevær hurtigbåtkai Fleinvær,ferry_quay,67.171005,13.775187
2466694,NOALS,Mindland hurtigbåtkai,ferry_quay,65.80739,12.495159
2466695,NOTOS,Mjølvik kai,ferry_quay,70.032745,18.565392
2466696,NOGUL,Mjømna kai,ferry_quay,60.918285,4.901333
2466697,NOHMY,Musken hurtigbåtkai,ferry_quay,67.89341,16.215092
2466698,NOTOS,Musvær kai,ferry_quay,69.875786,18.577402
2466699,NORDY,Myken hurtigbåtkai,ferry_quay,66.76008,12.474667
2466700,NOMYO,Myre hurtigbåtkai,ferry_quay,68.91384,15.067816
2466701,NOMAY,Måløy hurtigbåtterminal,ferry_quay,61.933212,5.114096
2466702,NOMAY,Måløy kystrutekai,ferry_quay,61.93921,5.122249
2466703,NOMSY,Måsøy kai,ferry_quay,71.00556,25.014889
2466704,NOOSY,Namsos hurtigbåtkai,ferry_quay,64.46456,11.491404
2466705,NOHVA,Nedgården fergeleie,ferry_quay,59.0169,11.063951
2466706,NOTYV,Nedstrand hurtigbåtkai,ferry_quay,59.34493,5.858017
2466707,NOGAM,Nervei kai,ferry_quay,70.667015,27.85362
2466708,NOFNY,Nesheim hurtigbåtkai,ferry_quay,59.26011,5.884361
2466709,NONSN,Nesna ferjekai båt,ferry_quay,66.20069,13.01101
2466710,NONSN,Nesna hurtigbåtkai,ferry_quay,66.20046,13.008145
2466711,NONSN,Nesna kystrutekai,ferry_quay,66.20038,13.008075
2466712,NOHJL,Nesvik hurtigbåtkai,ferry_quay,59.26129,6.159333
2466713,NONIS,Nissedal ferjekai,ferry_quay,59.177982,8.489224
2466714,NOEDD,Norddal kai,ferry_quay,62.255535,7.23451
2466715,NOHYR,Nordeide kai,ferry_quay,61.1735,5.986846
2466716,NOGIL,Nordfugløy hurtigbåtkai,ferry_quay,67.075745,13.85715
2466717,NOFNY,Nord-Hidle hurtigbåtkai,ferry_quay,59.24135,5.886577
2466718,NOKSU,Nordlandet Sundbåtkai,ferry_quay,63.11088,7.744063
2466719,NORDY,Nordnesøy hurtigbåtkai,ferry_quay,66.59508,12.66065
2466720,NOSTG,Nordskot hurtigbåtkai,ferry_quay,67.83515,14.788354
2466721,NOLUR,Nordsolvær hurtigbåtkai,ferry_quay,66.36982,12.626662
2466722,NONRY,Nordøyan kai,ferry_quay,64.80524,10.544901
2466723,NOSND,Nordøysund båtkai,ferry_quay,60.714954,4.729054
2466724,NONHS,Norheimsund båtkai,ferry_quay,60.371487,6.146601
2466725,NOALF,Normannsnes kai,ferry_quay,70.339035,22.872555
2466726,NOARE,Norodden ferjekai,ferry_quay,58.454285,8.764295
2466727,NOSLD,Notøy kai,ferry_quay,60.991016,4.590653
2466728,NOLOP,Nuvsvåg kai,ferry_quay,70.2635,22.105888
2466729,NOBGO,Nykirkekaien,ferry_quay,60.3973,5.31495
2466730,NOKIN,Nærøy kai,ferry_quay,61.6289,4.955442
2466731,NOSLD,Nåra kai,ferry_quay,61.019077,4.741461
2466732,NOSLD,Oddekalv kai,ferry_quay,61.12356,4.732781
2466733,NOLUR,Onøy hurtigbåtkai,ferry_quay,66.393036,12.824105
2466734,NOLUS,Ornes ferjekai,ferry_quay,61.29936,7.312474
2466735,NOOOS,Os båtkai,ferry_quay,60.183456,5.469503
2466736,NODRK,Oscarsborg vestre kai,ferry_quay,59.67439,10.604194
2466737,NODRK,Oscarsborg østre kai,ferry_quay,59.676277,10.607042
2466738,NOOSL,Oslo Hjortneskaien,ferry_quay,59.908684,10.708685
2466739,NOSJE,Otneimneset kai,ferry_quay,62.09,5.393611
2466740,NOVIS,Otterskred kai,ferry_quay,61.04547,6.402226
2466741,NOARE,Pollen ferjekai,ferry_quay,58.45907,8.768476
2466742,NOALF,Pollen kai,ferry_quay,70.33919,22.824324
2466743,NOOSN,Ramsøy hurtigbåtkai,ferry_quay,64.32838,10.415637
2466744,NOOSN,Ramsøyaunet hurtigbåtkai,ferry_quay,64.34053,10.417012
2466745,NOKVH,Ranavik båtkai,ferry_quay,59.81352,5.656213
2466746,NOREI,Reine hurtigbåtkai,ferry_quay,67.9354,13.085285
2466747,NOKAY,Reinskard hurtigbåtkai,ferry_quay,69.93477,19.60004
2466748,NOMEY,Rendal hurtigbåtkai,ferry_quay,66.80325,13.764378
2466749,NOHFT,Revsneshamn kai,ferry_quay,70.685036,24.349056
2466750,NOAUE,Ringholmen kai,ferry_quay,63.20356,7.958943
2466751,NOKIN,Risøy kai,ferry_quay,61.88214,5.177089
2466752,NORSH,Risøyhamn kystrutekai,ferry_quay,68.96772,15.641039
2466753,NOGUL,Risøyna kai,ferry_quay,60.931255,4.87424
2466754,NOAAF,Roan kai,ferry_quay,64.17767,10.214261
2466755,NOKIN,Rognaldsvåg kai,ferry_quay,61.564987,4.790078
2466756,NORSE,Rosendal båtkai,ferry_quay,59.986717,6.006767
2466757,NOSAS,Rosenvik ferjekai,ferry_quay,58.95363,5.851888
2466758,NOSAS,Rosenvik hurtigbåtkai,ferry_quay,58.9536,5.851869
2466759,NOMSK,Rostad hurtigbåtkai,ferry_quay,67.96211,13.04487
2466760,NORUB,Rubbestadneset båtkai,ferry_quay,59.816086,5.275007
2466761,NOKIN,Russøy kai,ferry_quay,61.63271,4.836946
2466762,NOMSY,Ryggefjord kai,ferry_quay,70.8726,24.938162
2466763,NORDY,Rødøy hurtigbåtkai,ferry_quay,66.65618,13.066193
2466764,NORVK,Rørvik hurtigbåtkai,ferry_quay,64.8615,11.240728
2466765,NORVK,Rørvik kystrutekai,ferry_quay,64.85996,11.238295
2466766,NOVEG,Rørøy hurtigbåtkai,ferry_quay,65.65515,12.016243
2466767,NOSOF,Røsvik hurtigbåtkai,ferry_quay,67.482704,15.456745
2466768,NORVR,Røvær hurtigbåtkai,ferry_quay,59.439434,5.091597
2466769,NOSLD,Saltskår kai,ferry_quay,61.19462,4.807766
2466770,NOTRF,Sandefjord kai,ferry_quay,59.12651,10.227375
2466771,NOSND,Sanden båtkai,ferry_quay,60.701443,4.746682
2466772,NOLOP,Sandland kai,ferry_quay,70.26665,21.608164
2466773,NOTOS,Sandneshamn kai,ferry_quay,69.628555,18.177544
2466774,NOSSJ,Sandnessjøen hurtigbåtkai,ferry_quay,66.022865,12.633902
2466775,NOSSJ,Sandnessjøen kystrutekai,ferry_quay,66.02421,12.638682
2466776,NOSAH,Sandshamn kai,ferry_quay,62.251465,5.487325
2466777,NOHRD,Sandsøy hurtigbåtkai,ferry_quay,68.941376,16.672155
2466778,NOMEY,Sandvik hurtigbåtkai,ferry_quay,66.81126,13.704468
2466779,NOSAI,Sandviksberget hurtigbåtkai,ferry_quay,64.32848,10.446189
2466780,NOHRO,Sandvær hurtigbåtkai,ferry_quay,65.89513,11.996384
2466781,NOTRN,Sandø hurtigbåtkai,ferry_quay,66.52056,12.147478
2466782,NOASL,Sandøy kai,ferry_quay,61.29167,4.594841
2466783,NOTRN,Sanna hurtigbåtkai,ferry_quay,66.50765,12.061422
2466784,NOHVA,Sanne fergeleie,ferry_quay,59.028008,11.094619
2466785,NOSAU,Sauda hurtigbåtkai,ferry_quay,59.64699,6.35087
2466786,NOFRA,Sauøya kai,ferry_quay,63.99827,9.17739
2466787,NOSJE,Selje kai,ferry_quay,62.04521,5.342231
2466788,NOFRK,Sellebakk fergeleie,ferry_quay,59.230328,10.989603
2466789,NORDY,Selsøyvik hurtigbåtkai,ferry_quay,66.57431,12.978405
2466790,NOTRN,Selvær hurtigbåtkai,ferry_quay,66.5849,12.22394
2466791,NOKIN,Selvåg kai,ferry_quay,61.57026,4.877353
2466792,NOFRK,Sentrum fergeleie,ferry_quay,59.213013,10.934283
2466793,NOMYO,Sigerland hurtigbåtkai,ferry_quay,68.783585,14.8948
2466794,NOKIN,Silda kai,ferry_quay,62.013107,5.19948
2466795,NOSJO,Sjøholt kai,ferry_quay,62.48208,6.811446
2466796,NOSAS,Sjølvik ferjekai,ferry_quay,58.939545,5.850174
2466797,NOSAS,Sjølvik hurtigbåtkai,ferry_quay,58.939568,5.850141
2466798,NOLKA,Skei hurtigbåtkai,ferry_quay,65.087036,11.737395
2466799,NOARE,Skilsø ferjekai,ferry_quay,58.459484,8.781052
2466800,NOTNK,Skinnarbu kai,ferry_quay,59.81669,8.313059
2466801,NOHJL,Skipavik hurtigbåtkai,ferry_quay,59.25316,6.096111
2466802,NOMYO,Skipnes hurtigbåtkai,ferry_quay,68.82744,14.754086
2466803,NOHFT,Skippernes kai,ferry_quay,70.73281,23.357256
2466804,NOMYO,Skjellfjord hurtigbåtkai,ferry_quay,68.78393,14.947141
2466805,NOGUL,Skjerjehamn kai,ferry_quay,60.943546,4.953598
2466806,NOSKY,Skjervøy kai,ferry_quay,70.03532,20.98409
2466807,NOSKY,Skjervøy kystrutekai,ferry_quay,70.03514,20.98268
2466808,NOHVA,Skjærhalden fergeleie,ferry_quay,59.024647,11.037479
2466809,NOOSN,Skjærvøy hurtigbåtkai,ferry_quay,64.29479,10.295168
2466810,NOGAM,Skjånes kai,ferry_quay,70.8015,28.099106
2466811,NOVEG,Skogsholmen hurtigbåtkai,ferry_quay,65.81513,12.041756
2466812,NOKIN,Skorpa kai,ferry_quay,61.584255,4.815327
2466813,NOKIN,Skorpeide kai,ferry_quay,61.59104,4.872669
2466814,NOBIN,Skotnes hurtigbåtkai,ferry_quay,65.227104,12.39467
2466815,NOSRK,Skrolsvik hurtigbåtkai,ferry_quay,69.064926,16.815819
2466816,NOSRO,Skrova hurtigbåtkai,ferry_quay,68.16683,14.66215
2466817,NOHMY,Skutvik hurtigbåtkai,ferry_quay,68.01525,15.336522
2466818,NOALS,Skålvær hurtigbåtkai,ferry_quay,65.86442,12.178313
2466819,NOETN,Skånevik båtkai,ferry_quay,59.733418,5.932944
2466820,NOORS,Skår ferjekai,ferry_quay,62.17922,6.533571
2466821,NOKRA,Skåtøyroa ferjekai,ferry_quay,58.860077,9.441354
2466822,NOLUR,Sleneset hurtigbåtkai,ferry_quay,66.3605,12.607804
2466823,NOHFT,Slettnes kai,ferry_quay,70.631584,23.12898
2466824,NOTAA,Smalfjord kai,ferry_quay,70.4382,28.058502
2466825,NOFRK,Smertu fergeleie,ferry_quay,59.204582,10.941149
2466826,NOTJS,Smiberg hurtigbåtkai,ferry_quay,68.56538,16.33249
2466827,NOMYO,Smines hurtigbåtkai,ferry_quay,68.86449,14.978914
2466828,NOBRE,Smørhamn kai,ferry_quay,61.779453,4.947399
2466829,NORSE,Snilstveitøy båtkai,ferry_quay,59.981632,5.956277
2466830,NOSOG,Sogndal kai,ferry_quay,61.22969,7.10477
2466831,NOGUL,Sollibotn kai,ferry_quay,60.98635,5.035641
2466832,NOLUS,Solvorn ferjekai,ferry_quay,61.301365,7.248608
2466833,NOSOM,Sommarøy kai,ferry_quay,69.63308,17.998331
2466834,NOHAD,Sommerset hurtigbåtkai,ferry_quay,68.48273,15.25457
2466835,NOSAS,Songesand hurtigbåtkai,ferry_quay,59.016243,6.323002
2466836,NOSLX,Sortland kystrutekai,ferry_quay,68.69837,15.420642
2466837,NOKRA,Stabbestad ferjekai,ferry_quay,58.850876,9.40539
2466838,NOSUZ,Stamsund kystrutekai,ferry_quay,68.12098,13.840654
2466839,NOKIN,Stavang kai,ferry_quay,61.53521,5.180311
2466840,NOTYV,Steinsvika hurtigbåtkai,ferry_quay,59.35248,5.613837
2466841,NOSVG,Steinsøy ferjekai,ferry_quay,58.986893,5.752582
2466842,NOSVG,Steinsøy hurtigbåtkai,ferry_quay,58.98689,5.752508
2466843,NOGUL,Stevnebø kai,ferry_quay,60.97654,4.997623
2466844,NOVEV,Stokkasjøen hurtigbåtkai,ferry_quay,65.75911,12.55673
2466845,NOSLD,Stokkevåg kai,ferry_quay,61.0987,4.785171
2466846,NOSTO,Stokkvågen hurtigbåtkai,ferry_quay,66.33922,13.003363
2466847,NOSKN,Stokmarknes hurtigbåtkai,ferry_quay,68.56729,14.914841
2466848,NOSKN,Stokmarknes kystrutekai,ferry_quay,68.57095,14.911873
2466849,NOHAR,Store Kalvøy ferjekai,ferry_quay,62.526882,6.204049
2466850,NOHAR,Store Kalvøy hurtigbåtkai,ferry_quay,62.52701,6.204212
2466851,NOGUL,Store Kvernøyna kai,ferry_quay,60.95201,4.80882
2466852,NOSTB,Storebø båtkai,ferry_quay,60.094463,5.220948
2466853,NOALF,Storekorsnes hurtigbåtkai,ferry_quay,70.215485,23.191696
2466854,NOSAH,Storholmen kai,ferry_quay,62.18735,5.392169
2466855,NORDY,Storselsøy hurtigbåtkai,ferry_quay,66.55977,12.83672
2466856,NOSLD,Storøy kai,ferry_quay,61.100418,4.704182
2466857,NOHAD,Storå hurtigbåtkai,ferry_quay,68.46583,15.2604
2466858,NOSLD,Strand kai,ferry_quay,61.141758,4.829623
2466859,NOSRN,Stranda hurtigbåtkai,ferry_quay,62.308357,6.949518
2466860,NOVEV,Strandbukta hurtigbåtkai,ferry_quay,65.67174,12.615165
2466861,NOBGO,Strandkaiterminalen båtkai,ferry_quay,60.39561,5.320988
2466862,NOGUL,Straume kai,ferry_quay,61.00734,4.964032
2466863,NOLUR,Stuvland hurtigbåtkai,ferry_quay,66.43616,13.051929
2466864,NOAUL,Styvi kai,ferry_quay,60.94269,6.934886
2466865,NOSAS,Stølsvik ferjekai,ferry_quay,58.95933,5.864248
2466866,NOSAS,Stølsvik hurtigbåtkai,ferry_quay,58.95933,5.86429
2466867,NOMEY,Støtt ferjekai,ferry_quay,66.927025,13.436534
2466868,NOMEY,Støtt ferjekai båt,ferry_quay,66.92715,13.436894
2466869,NOMEY,Støtt hurtigbåtkai,ferry_quay,66.92611,13.434234
2466870,NOFRA,Sula hurtigbåtkai,ferry_quay,63.8458,8.46042
2466871,NOSND,Sulo båtkai,ferry_quay,60.711937,4.735476
2466872,NORDY,Sundøy hurtigbåtkai,ferry_quay,66.57947,12.934127
2466873,NOKIN,Svanøybukt kai,ferry_quay,61.497585,5.127286
2466874,NOARE,Svinodden ferjekai,ferry_quay,58.454945,8.757533
2466875,NOSVJ,Svolvær hurtigbåtkai,ferry_quay,68.23144,14.566731
2466876,NOSVJ,Svolvær kystrutekai,ferry_quay,68.230606,14.566551
2466877,NOKVH,Sydnes båtkai,ferry_quay,59.73337,5.737565
2466878,NOVIS,Sylvarnes kai,ferry_quay,61.095203,6.296893
2466879,NOORS,Sæbø hurtigbåtkai,ferry_quay,62.209637,6.477132
2466880,NOOSN,Sætervika hurtigbåtkai,ferry_quay,64.3944,10.481778
2466881,NOKIN,Søndre Nekkøy kai,ferry_quay,61.57905,4.931314
2466882,NOSOR,Sørarnøy hurtigbåtkai,ferry_quay,67.13684,13.978794
2466883,NOFNY,Sør-Bokn hurtigbåtkai,ferry_quay,59.161896,5.946766
2466884,NOFRA,Sørburøy hurtigbåtkai,ferry_quay,63.97798,9.088397
2466885,NORDY,Sørfjorden hurtigbåtkai,ferry_quay,66.50618,13.30514
2466886,NOGIL,Sørfugløy hurtigbåtkai,ferry_quay,67.05155,13.776319
2466887,NONRY,Sør-Gjæslingan hurtigbåtkai,ferry_quay,64.74204,10.776233
2466888,NOTAU,Sør-Hidle hurtigbåtkai,ferry_quay,59.04748,5.827856
2466889,NOBOO,Sørlandegode hurtigbåtkai,ferry_quay,67.38923,14.244263
2466890,NOLUR,Sørnesøy hurtigbåtkai,ferry_quay,66.57168,12.627078
2466891,NOGIL,Sørvær hurtigbåtkai Fleinvær,ferry_quay,67.16182,13.766642
2466892,NOSVR,Sørvær kai,ferry_quay,70.63054,21.976446
2466893,NOSLD,Tangenes kai,ferry_quay,61.09104,4.742068
2466894,NOOLA,Tarva ferjekai,ferry_quay,63.79604,9.427451
2466895,NOTAU,Tau hurtigbåtkai,ferry_quay,59.06529,5.90832
2466896,NOMEY,Teksmona hurtigbåtkai,ferry_quay,66.88318,13.635057
2466897,NORDY,Telnes hurtigbåtkai,ferry_quay,66.56552,13.191402
2466898,NOSJA,Tennskjer hurtigbåtkai,ferry_quay,69.477936,18.30383
2466899,NOBIN,Terråk hurtigbåtkai,ferry_quay,65.09014,12.372648
2466900,NOMYO,Tinden hurtigbåtkai,ferry_quay,68.840935,14.755733
2466901,NOTJL,Tjøtta hurtigbåtkai,ferry_quay,65.822075,12.430837
2466902,NOBNN,Toftsundet hurtigbåtkai,ferry_quay,65.46975,12.1327
2466903,NOTNN,Tonnes hurtigbåtkai,ferry_quay,66.51101,13.005809
2466904,NOTAA,Torhop kai,ferry_quay,70.48458,27.98511
2466905,NOTVI,Torvik kystrutekai,ferry_quay,62.33679,5.728398
2466906,NOORS,Trandal hurtigbåtkai,ferry_quay,62.26093,6.500368
2466907,NOALS,Tro hurtigbåtkai,ferry_quay,65.79688,12.526595
2466908,NOTOS,Tromsø kystrutekai,ferry_quay,69.64643,18.960024
2466909,NOTOS,Tromsø Prostneset hurtigbåtkai,ferry_quay,69.646194,18.957594
2466910,NOTRD,Trondheim hurtigbåtterminal,ferry_quay,63.43791,10.39695
2466911,NOTRD,Trondheim kystrutekai,ferry_quay,63.443077,10.407057
2466912,NOTRN,Træna hurtigbåtkai,ferry_quay,66.50126,12.102481
2466913,NOSLD,Tungodden kai,ferry_quay,61.026264,4.78034
2466914,NOMYO,Tunnstad hurtigbåtkai,ferry_quay,68.873726,14.909467
2466915,NOSVG,Tunsøy ferjekai,ferry_quay,58.98428,5.817768
2466916,NOSVG,Tunsøy hurtigbåtkai,ferry_quay,58.984295,5.817746
2466917,NOUVK,Ulvik båtkai,ferry_quay,60.567627,6.918749
2466918,NOORS,Urke hurtigbåtkai,ferry_quay,62.20886,6.573139
2466919,NOSAS,Uskakalven ferjekai,ferry_quay,58.961548,5.844161
2466920,NOSAS,Uskakalven hurtigbåtkai,ferry_quay,58.961555,5.844115
2466921,NOSAS,Usken ferjekai,ferry_quay,58.940968,5.836114
2466922,NOSAS,Usken hurtigbåtkai,ferry_quay,58.940987,5.836101
2466923,NOBJO,Utbjoa hurtigbåtkai,ferry_quay,59.678406,5.615551
2466924,NOUTN,Utne båtkai,ferry_quay,60.424023,6.622048
2466925,NOUTV,Utvorda kai,ferry_quay,64.59448,10.94971
2466926,NOSLD,Utvær kai,ferry_quay,61.036247,4.51278
2466927,NOVDS,Vadsø kystrutekai,ferry_quay,70.070854,29.736593
2466928,NOGIS,Valderøya hurtigbåtkai,ferry_quay,62.49582,6.129025
2466929,NOVAD,Valldal ferjekai,ferry_quay,62.297417,7.263299
2466930,NOVAD,Valldal kai,ferry_quay,62.296898,7.26109
2466931,NOMEY,Valøy hurtigbåtkai,ferry_quay,66.866684,13.687806
2466932,NOKAY,Vannvåg kai,ferry_quay,70.07258,19.993881
2466933,NOKVH,Varaldsøy båtkai,ferry_quay,60.086956,5.973107
2466934,NOASH,Vardetangen kai,ferry_quay,60.802803,4.951296
2466935,NOVAO,Vardø kystrutekai,ferry_quay,70.3747,31.104433
2466936,NOSVG,Vassøy hurtigbåtkai,ferry_quay,58.998486,5.782261
2466937,NOGUL,Vassøy kai,ferry_quay,60.965267,4.965115
2466938,NOFRK,Vaterland fergeleie,ferry_quay,59.19898,10.946862
2466939,NOKIN,Veiesund kai,ferry_quay,61.564953,5.057711
2466940,NOVIS,Vetlesand kai,ferry_quay,61.10469,6.2125
2466941,NOKIN,Vevling kai,ferry_quay,61.620083,4.843715
2466942,NOVIB,Vibrandsøy hurtigbåtkai,ferry_quay,59.412724,5.252696
2466943,NOVIS,Vik kai,ferry_quay,61.08883,6.58066
2466944,NOTOS,Vikran kai,ferry_quay,69.54501,18.768358
2466945,NOKIN,Villevik kai,ferry_quay,61.6359,5.00081
2466946,NOARE,Vindholmen kai,ferry_quay,58.46874,8.805794
2466947,NOMSK,Vindstad hurtigbåtkai,ferry_quay,67.95721,13.005331
2466948,NOBRE,Vingelven kai,ferry_quay,61.82354,5.2889
2466949,NOBRE,Vingen kai,ferry_quay,61.82723,5.312992
2466950,NOVEV,Visten hurtigbåtkai,ferry_quay,65.65138,12.642697
2466951,NOVEV,Visthus hurtigbåtkai,ferry_quay,65.717316,12.60428
2466952,NOBOO,Vokkøy hurtigbåtkai,ferry_quay,67.42922,13.981052
2466953,NOSAH,Voksa hurtigbåtkai,ferry_quay,62.215603,5.475016
2466954,NOVIS,Vollevik kai,ferry_quay,61.084156,6.315014
2466955,NOJEL,Vormestrand hurtigbåtkai,ferry_quay,59.416916,5.920294
2466956,NOFRK,Værste fergeleie,ferry_quay,59.214123,10.929935
2466957,NOGIL,Våg hurtigbåtkai,ferry_quay,67.12297,14.045862
2466958,NOVOH,Vågaholmen hurtigbåtkai,ferry_quay,66.710495,13.280121
2466959,NOTYN,Våge båtkai,ferry_quay,60.046337,5.524114
2466960,NOVEV,Vågsodden hurtigbåtkai,ferry_quay,65.72182,12.450991
2466961,NOVEG,Ylvingen hurtigbåtkai,ferry_quay,65.638054,12.159842
2466962,NOSLD,Ytrøy kai,ferry_quay,61.080757,4.685385
2466963,NOOKF,Øksfjord hurtigbåtkai,ferry_quay,70.23844,22.348516
2466964,NOOKF,Øksfjord kystrutekai,ferry_quay,70.23772,22.34932
2466965,NOMYO,Øksnes hurtigbåtkai,ferry_quay,68.87751,14.974419
2466966,NOBIN,Øksningøy hurtigbåtkai,ferry_quay,65.11494,12.38993
2466967,NOOLN,Ølen hurtigbåtkai,ferry_quay,59.606274,5.806942
2466968,NOMEY,Ørnes hurtigbåtkai,ferry_quay,66.86863,13.702011
2466969,NOSVI,Ørnes kystrutekai,ferry_quay,66.86904,13.70317
2466970,NOREN,Østhusvik hurtigbåtkai,ferry_quay,59.091404,5.779206
2466971,NOORS,Øye hurtigbåtkai,ferry_quay,62.194763,6.65267
2466972,NOBIN,Øyen hurtigbåtkai,ferry_quay,65.11718,12.42025
2466973,NORIS,Øysang ferjekai,ferry_quay,58.751152,9.259444
2466974,NOSAS,Ådnøy ferjekai,ferry_quay,58.91754,5.989979
2466975,NOFRK,Ålekilen fergeleie,ferry_quay,59.207207,10.894728
2466976,NOAES,Ålesund hurtigbåtkai Skateflukaia,ferry_quay,62.474564,6.154449
2466977,NOAES,Ålesund kystrutekai,ferry_quay,62.4756,6.152322
2466978,NOAES,Ålesund rutebilstasjon hurtigbåtkai,ferry_quay,62.470013,6.154337
2466979,NOKIN,Ålvora kai,ferry_quay,61.5787,5.14913
2466980,NOIBE,Ånderkleiva kai,ferry_quay,68.92132,17.14493
2466981,NOKIN,Ånnøy kai,ferry_quay,61.59535,4.925122
2466982,NOVAY,Åram hurtigbåtkai,ferry_quay,62.198162,5.496165
2466983,NOOSL,Aker brygge FK,ferry_quay,59.90959,10.733468
2466984,NOFAX,Aspond FK,ferry_quay,59.726727,10.577374
2466985,NOLAD,Badeparken brygge FK,ferry_quay,59.013412,9.747912
2466986,NODRK,Bergholmen brygge FK,ferry_quay,59.675636,10.584678
2466987,NOPOR,Bjørkøya brygge FK,ferry_quay,59.03176,9.748243
2466988,NOOSL,Bleikøya FK,ferry_quay,59.889046,10.734917
2466989,NOKSU,Borøya FK,ferry_quay,58.055374,7.771373
2466990,NOKSU,Bud Bjørnsundruta FK,ferry_quay,62.906517,6.905268
2466991,NOKRA,Bærø Gulodden brygge FK,ferry_quay,58.873764,9.43994
2466992,NOMYO,Børøy FK,ferry_quay,68.83987,14.839933
2466993,NOPOR,Dikkon FK,ferry_quay,59.059868,9.725159
2466994,NOOSL,Dronningen FK,ferry_quay,59.907368,10.696317
2466995,NODRK,Drøbak FK,ferry_quay,59.660984,10.627754
2466996,NOTRF,Engø brygge FK,ferry_quay,59.146675,10.317262
2466997,NOFAX,Fagerstrand FK,ferry_quay,59.73391,10.586545
2466998,NOASK,Filtvet FK,ferry_quay,59.57358,10.617642
2466999,NONEO,Fjellstrand FK,ferry_quay,59.794167,10.606431
2467000,NONEO,Flaskebekk FK,ferry_quay,59.86065,10.652897
2467001,NOFRO,Florø terminal FK,ferry_quay,61.601845,5.028675
2467002,NOBAR,Fornebu FK,ferry_quay,59.893703,10.634114
2467003,NOFRK,Fredrikstad Tollbodbrygga FK,ferry_quay,59.205517,10.950188
2467004,NOLKA,Frøvik FK,ferry_quay,65.06886,11.671214
2467005,NOKRA,Furuholmen brygge FK,ferry_quay,58.86008,9.404823
2467006,NOBGO,Gamle Bergen Museum FK,ferry_quay,60.416542,5.311651
2467007,NOTVE,Gjeving brygge FK,ferry_quay,58.643932,9.120461
2467008,NOOSL,Gressholmen FK,ferry_quay,59.88646,10.7254
2467009,NOKRA,Gumøy Tangane brygge FK,ferry_quay,58.884365,9.519517
2467010,NOKRA,Gumøy Vestre brygge FK,ferry_quay,58.874866,9.491222
2467011,NOTVE,Hagefjord brygge FK,ferry_quay,58.584637,9.026219
2467012,NOHFT,Hammerfest havn FK,ferry_quay,70.66343,23.686008
2467013,NOHFT,Hammerfest havn Fuglenes FK,ferry_quay,70.66953,23.671825
2467014,NOKRS,Helgøya Ny-Hellesund FK,ferry_quay,58.050632,7.844541
2467015,NOOSL,Hovedøya FK,ferry_quay,59.89396,10.72488
2467016,NOHOY,Husøy brygge FK,ferry_quay,59.23997,10.470322
2467017,NOHLL,Høllen brygge FK,ferry_quay,58.076946,7.808833
2467018,NODRK,Håøya FK,ferry_quay,59.70205,10.568247
2467019,NONEO,Ildjernet FK,ferry_quay,59.843636,10.641358
2467020,NOKRA,Jomfruland Tårnbrygga FK,ferry_quay,58.866066,9.589232
2467021,NOKRA,Jomfruland Åsvik brygge FK,ferry_quay,58.8592,9.573592
2467022,NOKRS,Kapelløya Ny-Hellesund FK,ferry_quay,58.04998,7.841317
2467023,NOKRA,Kirkeholmen brygge FK,ferry_quay,58.860237,9.391254
2467024,NOHRD,Kjøtta FK,ferry_quay,68.87512,16.69498
2467025,NOKRS,Kongshavn brygge FK,ferry_quay,58.115875,8.113527
2467026,NOLAD,Langesund brygge FK,ferry_quay,59.002472,9.749921
2467027,NOKRA,Langøy brygge FK,ferry_quay,58.902477,9.487972
2467028,NONEO,Langøyene FK,ferry_quay,59.87144,10.725556
2467029,NOLAR,Larvik Revet terminal FK,ferry_quay,59.041553,10.044766
2467030,NOSKH,Lauer FK,ferry_quay,59.01148,11.017289
2467031,NOOSL,Lindøya vest FK,ferry_quay,59.890102,10.706515
2467032,NOOSL,Lindøya øst FK,ferry_quay,59.89055,10.719607
2467033,NOASV,Litlakalsøy FK,ferry_quay,60.04054,5.089265
2467034,NOSLD,Litle Færøy FK,ferry_quay,61.11133,4.791117
2467035,NOASV,Lundøy FK,ferry_quay,60.027454,5.142248
2467036,NOTVE,Lyngør butikken FK,ferry_quay,58.632957,9.128031
2467037,NOTVE,Lyngør Holmbrygga FK,ferry_quay,58.633858,9.125521
2467038,NOTVE,Lyngør Kommunalen FK,ferry_quay,58.63421,9.132034
2467039,NOTVE,Lyngør Steinsøya FK,ferry_quay,58.63363,9.123465
2467040,NOLYS,Lysaker brygge FK,ferry_quay,59.911343,10.641556
2467041,NOPOR,Løvøya FK,ferry_quay,59.058945,9.732425
2467042,NOFAX,Lågøya FK,ferry_quay,59.736744,10.568185
2467043,NOOSL,Malmøykalven FK,ferry_quay,59.865955,10.746109
2467044,NOKRS,Monsøya Ny-Hellesund FK,ferry_quay,58.053158,7.841081
2467045,NOOSL,Munch Bjørvika FK,ferry_quay,59.905704,10.75356
2467046,NOARE,Mærdø Losbrygga FK,ferry_quay,58.426327,8.802092
2467047,NOARE,Mærdø Museumsbrygga FK,ferry_quay,58.42654,8.805222
2467048,NOASV,Møkster FK,ferry_quay,60.059704,5.095464
2467049,NOOSL,Nakkholmen FK,ferry_quay,59.890736,10.696918
2467050,NOOSL,Nakkholmen varebrygga FK,ferry_quay,59.891487,10.693096
2467051,NONEO,Nesoddtangen FK,ferry_quay,59.871063,10.656741
2467052,NOSKY,Nikkeby FK,ferry_quay,70.07423,20.815334
2467053,NONOL,Nord-Lenangen FK,ferry_quay,69.9093,20.163452
2467054,NOKSU,Nordre Bjørnsund FK,ferry_quay,62.89214,6.825302
2467055,NOBGO,Norges Fiskerimuseum FK,ferry_quay,60.407944,5.321243
2467056,NOBVK,Oksøya FK,ferry_quay,59.06637,9.721997
2467057,NONEO,Ommen FK,ferry_quay,59.803642,10.606667
2467058,NOOSL,Oslo Vippetangen FK,ferry_quay,59.903774,10.743662
2467059,NOARE,Pellebrygga Revesand FK,ferry_quay,58.43678,8.800175
2467060,NOARE,Pellebrygga Sandvigen FK,ferry_quay,58.43942,8.781147
2467061,NOARE,Pellebrygga Torjusholmen FK,ferry_quay,58.439568,8.787024
2467062,NOKRA,Portør brygge FK,ferry_quay,58.806038,9.433611
2467063,NOKRS,Randøyane FK,ferry_quay,58.10585,8.11897
2467064,NOTRD,Ravnkloa FK,ferry_quay,63.43422,10.392871
2467065,NORFJ,Reinfjord FK,ferry_quay,70.10105,21.599756
2467066,NORIV,Risavika utenriksterminal FK,ferry_quay,58.920826,5.583286
2467067,NORIS,Risør Øisangbrygga FK,ferry_quay,58.720627,9.235945
2467068,NOOSL,Rådhusbrygge 3 FK,ferry_quay,59.91069,10.731454
2467069,NOOSL,Salt brygge FK,ferry_quay,59.906647,10.747188
2467070,NOASV,Sandtorv FK,ferry_quay,60.14367,5.204384
2467071,NOPOR,Sandøya brygge FK,ferry_quay,59.046,9.729064
2467072,NOTVE,Sandøya Hauketangen FK,ferry_quay,58.579346,9.031021
2467073,NOTVE,Sandøya Haven FK,ferry_quay,58.58918,9.036146
2467074,NOTVE,Sandøykilen FK,ferry_quay,58.59819,9.058417
2467075,NOKVN,Segelvik FK,ferry_quay,70.20671,21.213846
2467076,NOARE,Seilerhytta FK,ferry_quay,58.434097,8.793654
2467077,NOSJE,Seljeøya FK,ferry_quay,62.04764,5.318811
2467078,NOPOR,Siktesøya brygge FK,ferry_quay,59.029945,9.764996
2467079,NONEO,Sjøstrand FK,ferry_quay,59.851685,10.649016
2467080,NOKRS,Skarpøya FK,ferry_quay,58.054287,7.818843
2467081,NOSKE,Skien Hjellebrygga FK,ferry_quay,59.204647,9.606906
2467082,NOMYO,Skålebøl FK,ferry_quay,68.7817,14.792361
2467083,NOKRA,Skåtøy brygge FK,ferry_quay,58.862103,9.478853
2467084,NOKRA,Skåtøy Korset brygge FK,ferry_quay,58.84473,9.512455
2467085,NOSLM,Slemmestad brygge FK,ferry_quay,59.78308,10.501347
2467086,NOBSY,Son FK,ferry_quay,59.523937,10.685851
2467087,NOKVN,Spildra FK,ferry_quay,69.99545,21.681248
2467088,NOSTA,Stathelle brygge FK,ferry_quay,59.04736,9.696432
2467089,NONEO,Steilene FK,ferry_quay,59.816334,10.615522
2467090,NOBGO,Storeblå Slaktehustomten FK,ferry_quay,60.405178,5.321015
2467091,NODRK,Sundbrygga FK,ferry_quay,59.67021,10.622629
2467092,NOASK,Sætre brygge FK,ferry_quay,59.68286,10.530092
2467093,NOFRN,Søndre Langåra FK,ferry_quay,59.75342,10.564714
2467094,NOKMS,Tangen brygge FK,ferry_quay,59.15344,10.3377
2467095,NOKMS,Tenvik brygge FK,ferry_quay,59.174377,10.365088
2467096,NOBGO,Tollbodhopen FK,ferry_quay,60.39901,5.311313
2467097,NOTOS,Tussøy FK,ferry_quay,69.64695,18.139675
2467098,NOKRS,Tømmerstø brygge FK,ferry_quay,58.120132,8.091699
2467099,NODRK,Tåjebukta brygge FK,ferry_quay,59.69804,10.557424
2467100,NOKRA,Tåtøy brygge FK,ferry_quay,58.858177,9.399411
2467101,NOKVN,Valanhamn FK,ferry_quay,69.96469,21.52385
2467102,NOVAN,Vanvikan FK,ferry_quay,63.553154,10.222929
2467103,NOKRS,Verftet Ny-Hellesund FK,ferry_quay,58.051632,7.835076
2467104,NOKMS,Vestgården brygge FK,ferry_quay,59.164944,10.343338
2467105,NOTRD,Vestre Kanalhavn FK,ferry_quay,63.434986,10.39238
2467106,NOASK,Vollen FK,ferry_quay,59.8074,10.489411
2467107,NOSKY,Vorterøy Jekthamna FK,ferry_quay,69.97372,20.667698
2467108,NOBGO,Vågen rundetårn FK,ferry_quay,60.395576,5.325395
2467109,NOKRA,Øitangen brygge FK,ferry_quay,58.88253,9.607775
2467111,NOMLM,Tjuin kai - Tjuin Malm industripark,quay,64.07379,11.23836
2467117,NOSJA,Senja,harbour,69.30619,17.516327
2467121,,Perpetuumkaia Harstad,port_facility,68.79455,16.555372
2467131,NOBGO,Munkebryggen Nord,quay,60.397266,5.315762
2467132,,Engebø Rutile and Garnet havneanlegg,port_facility,61.487926,5.442947
2467139,NOFIT,Aarskogkaia,quay,59.93533,5.323738
2467142,NOBGO,"Ikke-godkjent kai syd, Straume næringspark",quay,60.341675,5.128519
2467148,NOMAY,Stadyard AS,quay,61.98475,5.13964
2467173,NOBFJ,Kommune kai,quay,70.25278,21.783333
2467174,NOBFJ,Bergsfjord fiskeriservice,quay,70.24917,21.787779
2467177,NOKSU,Kai 2 - ISPS,quay,63.117893,7.758315
2467182,NO888,Raunefjorden,location_at_sea,60.263744,5.154305
2467185,NO888,Kjebogen (Manger),harbour,60.636253,5.011997
2467199,NOSLV,Quay 11,quay,60.833332,5.083333
2467201,NOSLV,Kai 3,quay,60.85,5.066667
2467202,NOSLV,Kai 4,quay,60.850258,5.070139
2467214,NOVER,Kai 2 West,quay,63.78294,11.432919
2467215,NO888,Austefjorden,harbour,60.178677,5.09123
2467216,NO888,Ytre Steinsund,location_at_sea,61.047485,4.73339
2467236,,Northern Lights,port_facility,60.55455,4.886379
2467241,,Pelagia Hordafor Rabben,port_facility,60.007996,5.137032
2467242,NOSOG,Leikanger,harbour,61.18276,6.79749
2467246,NOZGA,Vealøsgrunnen ankring,anchorage,59.52765,10.550383
2467247,NOZLB,Lera nord,anchorage,59.15473,10.856733
2467248,NOZLK,Lera sør,anchorage,59.13095,10.869367
2467249,NOZME,Mågerøfleket ankring,anchorage,59.151516,10.453
2467250,NOZDB,Drillen ankring,anchorage,59.115,10.483333
2467251,NOZGB,Grisen ankring,anchorage,59.09295,11.17325
2467252,NOZNB,Nygrunnen ankring,anchorage,59.076416,11.14015
2467253,NOZBC,Bogen-Holmestrand ankring,anchorage,59.536667,10.265
2467254,NOZMF,Melsomvik ankring,anchorage,59.20667,10.3545
2467255,NOZTC,Trela ankring,anchorage,59.2497,10.439983
2467262,NOMSS,Containerkaia Westport Moss,quay,59.42698,10.657073
2467263,NOMSS,Klakken Westport Moss,quay,59.425026,10.656533
2467264,NOMSS,Stenakaia Westport Moss,quay,59.4293,10.657647
2467279,NOMGR,Kjebogen,quay,60.636257,5.011997
2467280,,Nedrevågen Industribase,port_facility,59.980354,5.670475
2467282,,Nutrimar Kverva havneanlegg,port_facility,63.709328,8.564406
2467293,NO888,NOGVAFJORDEN,location_at_sea,62.703335,6.241667
2467295,NOBGO,Northern Light,quay,60.554493,4.886466
2467303,NOBVR,Nordmaka kommunale kai,quay,59.1,5.916667
2467304,NOHRD,Perpetuum,quay,68.79458,16.555437
2467307,NOZLV,Lundarviga ankring,anchorage,58.443966,5.922733
2467308,NOZVV,Visteviga ankring,anchorage,58.97798,5.594233
2467309,NOZRK,Riskafjorden ankring,anchorage,58.93437,5.808483
2467310,NOZRJ,Rottfjorden ankring,anchorage,58.90075,5.513517
2467311,NOZRZ,Rott nord ankring,anchorage,58.931183,5.51785
2467312,NOZOF,Oksaforskjær ankring,anchorage,58.947834,5.514683
2467313,NOZFC,Finnøy nord ankring,anchorage,59.20515,5.8579
2467314,NOZOA,Ombofjorden ankring,anchorage,59.265984,5.896633
2467315,NOZHH,Hidle nord ankring,anchorage,59.062817,5.803967
2467316,NOZEA,Eidsnes ankring,anchorage,60.588432,5.426667
2467317,NOZVL,Vilnesfjorden ankring,anchorage,61.30263,4.992867
2467318,NOZAS,Askvoll ankring,anchorage,61.343334,5.0721
2467319,NOZFW,Flåm ankring,anchorage,60.869583,7.132433
2467320,NOZGU,Gudvangen ankring,anchorage,60.885883,6.850233
2467321,NOZEF,Eidfjord ankring,anchorage,60.468468,7.056133
2467322,NOZHM,Hellefjorden ankring,anchorage,61.632767,4.902533
2467323,NOZHC,Hovden øst ankring,anchorage,61.69118,4.912067
2467324,NOZHQ,Hyen ytre ankring,anchorage,61.756866,5.94325
2467325,NOZH1,Hyen indre ankring,anchorage,61.7465,5.921333
2467326,NOZSQ,Sandane ankring,anchorage,61.773434,6.174383
2467327,NOZGC,Granvin ankring,anchorage,60.519966,6.713133
2467328,NOZSP,Svanøya vest ankring,anchorage,61.486332,5.041483
2467329,NOZOB,Omastrand ankring,anchorage,60.20947,5.99615
2467330,NOZH2,Husnes ankring,anchorage,59.88055,5.765183
2467331,NOZRC,Rosendal ankring,anchorage,59.98078,5.99645
2467332,NOZH3,Søre Hillegrunnen ankring,anchorage,59.78115,5.584267
2467333,NOZH4,Hilleøyane øst ankring,anchorage,59.79,5.6299
2467334,NOAES,Meierikaia,quay,62.469925,6.165842
2467337,NOASV,Pelagia Hordafor Rabben Kai,quay,60.007923,5.136859
2467341,,Pelagia Salthella,port_facility,60.00335,5.117095
2467346,NOKKN,Industrikaia,quay,69.72924,30.07609
2467351,,Port 5561,port_facility,59.229984,5.444895
2467357,NOZUA,Tyrhaug ankring,anchorage,63.324333,8.2502
2467358,NOZJG,Haugsfjorden ankring - Vanylven,anchorage,62.179832,5.41795
2467359,NOZJA,Haugsfjorden ankring - Alstahaug,anchorage,65.88167,12.415833
2467360,NOZGL,Gleinskallen ankring,anchorage,66.166664,12.633333
2467361,NOZOG,Bogen ankring - Evenes,anchorage,68.50633,17.0126
2467362,NOZTV,Tømmervika Ankring,anchorage,68.57183,14.8942
2467363,NOZAB,Årbogen ankring,anchorage,68.58283,16.514517
2467364,NOZIA,Finnfjorden ankring,anchorage,69.221115,18.01795
2467365,NOZZJ,Sjurgrunnen ankring,anchorage,66.261116,12.5156
2467366,NOZOR,Sortlandsundet sør ankring,anchorage,68.65712,15.39385
2467367,NOZZA,Sortlandsundet nord ankring,anchorage,68.785736,15.357883
2467368,NOZMR,Maurnes ankring,anchorage,68.74755,15.458467
2467369,NOZAI,Sørreisa ankring,anchorage,69.1479,18.1034
2467372,,Gjesvær havneanlegg,port_facility,71.10044,25.37972
2467376,NOMRV,Inger Åse Hernes,quay,63.43662,10.837883
2467380,,Nedrevåge ISPS Kai,quay,59.980354,5.670475
2467385,,Stranda Brygge og tenderhamn,port_facility,62.30764,6.950156
2467734,NOOSL,Rådhusbrygge 2,quay,59.90974,10.732801
2467741,,Kopervik Cruisehavn,port_facility,59.28433,5.316099
2467753,,Eidsdal tenderbrygge,port_facility,62.262577,7.173565
2468211,NOAUE,Salfjord AS kai,quay,63.416042,8.704047
2468213,NOASV,Pelagia Hordafor Salthella,quay,60.003086,5.117566
2468272,NOBVB,Anleggskai Vegneshamn Sørøya,quay,70.60603,22.277502
2468282,,Svanavågen kai,port_facility,58.45347,5.981595
2468294,NOEGE,Pelagia Egersund Grønehaugen,quay,58.446423,5.983218
2468297,,Skudeneshavn cruiseterminal,port_facility,59.1467,5.266541
2468368,NORUB,Rubbestadneset kai,quay,59.81626,5.275962
2468381,NOKAT,Nordfjordbotn havneanlegg kai,quay,69.633644,18.400034
2468389,NOKOP,Kopervik Cruisehavn,quay,59.284367,5.315439
2468391,NOUSD,Børnes tømmerkai,quay,59.93297,5.831453
2468394,NOHRD,Kai 4 Sentrum,quay,68.80065,16.54806
2468395,NOHRD,Kai 3 Sentrum,quay,68.80078,16.54798
2468396,NOHRD,Kai 2 Sentrum,quay,68.8009,16.547785
2468403,NOEGE,Svanavågen kai,quay,58.45347,5.981594
2468408,,Nordhavna Tømmerkaia havneanlegg,port_facility,65.491066,12.221096
2468427,NODOV,Dolviken,harbour,60.321735,5.249008
2468431,,Pelagia Hordafor Brettesnes,port_facility,68.23111,14.848889
2468433,NOBNN,"Nordhavna Tømmerkai, Salhusøya",quay,65.491066,12.221097
2468440,,Tranøya tenderkai,port_facility,69.14815,17.439907
2468442,NOVIG,Pelagia Gjøsundet,quay,62.528522,6.130295
2468446,,Pelagia Moltustranda,port_facility,62.298782,5.649174
2468448,,Stadyard AS,port_facility,61.985153,5.139633
2468458,NOSVG,FKRA Knekken,quay,58.946033,5.754856
2468459,NOSVG,FKRA Hydrokaien,quay,58.947277,5.753148
2468460,,PP Viken havneanlegg,port_facility,60.412865,5.249828
2468462,NODOV,Dolviken kai,quay,60.32182,5.249447
2468465,NOFLO,PP Viken,quay,60.408905,5.246689
2468466,NOFLO,Kai 2,quay,60.408638,5.247958
2468467,NOFLO,Kai 3,quay,60.412766,5.25007
2468484,,Pelagia AS avd. Averøy,port_facility,63.054474,7.441809
2468485,,Gardsøya Havn Vega,port_facility,65.71305,11.920617
2468495,,Salfjord AS Tjeldbergodden,port_facility,63.416046,8.703874
2468499,,Pelagia Averøy,port_facility,63.05424,7.442431
2468500,,Årøya Tenderkai,port_facility,69.67957,20.350687
2468507,NOSJA,Tranøya tenderkai,quay,69.14738,17.442654
2468509,NOMSD,Fosnavåg næringspark kai D (Fosnot),quay,62.32287,5.678641
2468510,NOMSD,FNH kai C (Tess),quay,62.321507,5.674207
2468517,,GHG Nord AS avd. Vannøya,port_facility,70.05314,19.821678
2468521,NOMLT,Moltustranda Kai1,quay,62.298714,5.65197
2468525,NOAVE,Pelgia Averøy,quay,63.05424,7.442431
2468529,NOEDD,Eidsdal tenderbrygge,quay,62.262787,7.172883
2468530,NOSRN,Stranda Brygge og tenderhamn,quay,62.307594,6.94993
2468540,NOIGE,Tender quay Gardsøya Vega,quay,65.713036,11.920627
2468544,NO888,Sagvåg,harbour,59.77394,5.382357
2468563,NOMLT,Moltustranda Kai 2,quay,62.29896,5.651012
2468564,NOMLT,Moltustranda Kai3,quay,62.30019,5.650542
2468565,NOARE,Arendal Cruiseterminal Tollbodkaien,quay,58.459892,8.773693
2468569,,Lysøysundet havneanlegg,port_facility,63.888138,9.872314
2468584,,Geom Fosen Massesenter (Veidekke Industri AS),port_facility,63.70818,9.790876
2468604,NOVSM,Vikan Havbruk,quay,63.377056,8.198766
2468615,NOSKU,Skudeneshavn cruisekai,quay,59.146683,5.266853
2468617,,Skjerkøya havneanlegg,port_facility,59.05655,9.644867
2468650,,Scanbio Ingredients AS Bjugn,port_facility,63.763027,9.757648
2468668,NO888,Fresvik ankring,anchorage,61.076088,6.939862
2468671,NOOTB,Veidekke Fosen Massesenter,quay,63.70818,9.790876
2468693,,FramTre Logistikk Eidsnes,port_facility,60.59639,5.434167
2468705,NOLIN,FramTre Logistikk Eidsnes,quay,60.59639,5.434167
2468717,NOHAV,Betongpir Fyllingsveien,quay,70.99408,24.666956
2468752,NOASV,Birkelandskaien,quay,60.089928,5.216491
2468817,NOROM,Gjerdsvika fiskerikai,quay,62.258186,5.563618
2468818,NOGUR,Haugsbygda fiskerikai,quay,62.234642,5.576646
2468819,NOGUR,GSMarine,quay,62.235027,5.575426
2468820,NOGUR,Tenderen Eiendom AS,quay,62.236507,5.569505
2468821,NOSAH,Sandshamn fiskerikai,quay,62.250168,5.481398
2468822,NOSAH,Kai Voren,quay,62.236774,5.47454
2468823,NONZC,Verkstadkaia Larsnes,quay,62.206158,5.568598
2468824,NONZC,Larsnes Mek Verksted AS,quay,62.20378,5.570843
2468825,NONZC,Kai Breivika,quay,62.190273,5.593964
2468826,NOSAH,Kai Marøya,quay,62.227715,5.4797
2468827,NOSAH,Kvamsøy fiskerikai,quay,62.198032,5.419751
2468828,NOSAH,Kvamsøy almenningskai,quay,62.197376,5.421086
2468829,NOSAH,Kai Brimer,quay,62.198982,5.419896
2468830,NOSAH,Haugsholmen kai,quay,62.171864,5.400896
2468831,,Tømmerkaia Kragerø,port_facility,58.893265,9.373746
2468837,NOKSU,Abyss,quay,63.11548,7.75774
2468849,NORSH,RISOYHAMN MARINA,quay,68.974525,15.645672
2468850,NOMOB,Kai 10,quay,60.930557,5.071389
2468851,NOMAY,Maloy Seafood,quay,61.93038,5.114242
2468860,NOHKR,TØMMERKAIA KRAGERØ HAVNEANLEGG,quay,58.90384,9.392819
2468862,,Bogen Industrikaia,port_facility,68.52115,16.998278
2468864,NOBOG,Bogen industrikaia,quay,68.52111,16.99834
2468867,NOGJD,Sætrekaia,quay,62.529957,6.120604
2468868,NOVIG,Roald hamn,quay,62.58216,6.1287
2468876,NOKSU,Averøy Industripark AS - Quay 2 & 3,quay,63.076138,7.666667
2468887,,Akkarfjord havneanlegg,port_facility,70.78333,23.4
2468892,NOSKK,Kjerkholmen(BOA),quay,64.04547,10.042124
